rank_id,rank,movement,points,competitions_played,competitor_id,tour,gender,year,week
1,1,0,10860,20,sr:competitor:14898,ATP,men,2026,39
2,1,0,10860,20,sr:competitor:637970,ATP,men,2026,39
3,3,0,6890,24,sr:competitor:53785,ATP,men,2026,39
4,4,0,6140,25,sr:competitor:52065,ATP,men,2026,39
5,5,0,6030,15,sr:competitor:16160,ATP,men,2026,39
6,6,0,6030,17,sr:competitor:15568,ATP,men,2026,39
7,7,0,5670,20,sr:competitor:36593,ATP,men,2026,39
8,8,0,5650,21,sr:competitor:51836,ATP,men,2026,39
9,9,0,5650,22,sr:competitor:49363,ATP,men,2026,39
10,10,0,5400,17,sr:competitor:52293,ATP,men,2026,39
11,11,0,5360,27,sr:competitor:95801,ATP,men,2026,39
12,12,0,5060,21,sr:competitor:15310,ATP,men,2026,39
13,13,0,4195,26,sr:competitor:121182,ATP,men,2026,39
14,14,0,4195,28,sr:competitor:47295,ATP,men,2026,39
15,15,0,3970,24,sr:competitor:59131,ATP,men,2026,39
16,15,0,3970,24,sr:competitor:108099,ATP,men,2026,39
17,17,0,3860,33,sr:competitor:111195,ATP,men,2026,39
18,18,0,3735,32,sr:competitor:76263,ATP,men,2026,39
19,19,0,3290,32,sr:competitor:47966,ATP,men,2026,39
20,20,0,3290,36,sr:competitor:231090,ATP,men,2026,39
21,21,0,3070,27,sr:competitor:80665,ATP,men,2026,39
22,22,0,2980,26,sr:competitor:14835,ATP,men,2026,39
23,23,0,2980,27,sr:competitor:52202,ATP,men,2026,39
24,24,1,2780,28,sr:competitor:106349,ATP,men,2026,39
25,25,1,2780,32,sr:competitor:106559,ATP,men,2026,39
26,26,-2,2650,32,sr:competitor:78793,ATP,men,2026,39
27,27,0,2590,27,sr:competitor:16608,ATP,men,2026,39
28,28,-1,2500,26,sr:competitor:25189,ATP,men,2026,39
29,29,0,2465,20,sr:competitor:44553,ATP,men,2026,39
30,30,1,2415,28,sr:competitor:70348,ATP,men,2026,39
31,31,1,2350,26,sr:competitor:152900,ATP,men,2026,39
32,32,1,2320,32,sr:competitor:112969,ATP,men,2026,39
33,32,1,2320,32,sr:competitor:936355,ATP,men,2026,39
34,34,-4,2300,31,sr:competitor:127646,ATP,men,2026,39
35,35,0,2260,17,sr:competitor:74173,ATP,men,2026,39
36,36,0,2255,24,sr:competitor:204781,ATP,men,2026,39
37,37,0,2245,26,sr:competitor:59324,ATP,men,2026,39
38,38,2,2185,24,sr:competitor:114831,ATP,men,2026,39
39,39,2,2175,34,sr:competitor:280601,ATP,men,2026,39
40,40,-2,2035,30,sr:competitor:231188,ATP,men,2026,39
41,41,-2,1990,30,sr:competitor:16042,ATP,men,2026,39
42,42,0,1955,25,sr:competitor:112805,ATP,men,2026,39
43,43,0,1885,32,sr:competitor:206889,ATP,men,2026,39
44,44,1,1845,34,sr:competitor:838776,ATP,men,2026,39
45,45,-1,1770,27,sr:competitor:22967,ATP,men,2026,39
46,46,2,1705,34,sr:competitor:23899,ATP,men,2026,39
47,47,-1,1680,27,sr:competitor:62410,ATP,men,2026,39
48,48,3,1660,9,sr:competitor:90798,ATP,men,2026,39
49,49,-2,1625,27,sr:competitor:52951,ATP,men,2026,39
50,50,-1,1621,30,sr:competitor:52244,ATP,men,2026,39
51,51,2,1620,30,sr:competitor:66864,ATP,men,2026,39
52,52,0,1580,30,sr:competitor:234124,ATP,men,2026,39
53,53,-3,1565,26,sr:competitor:234044,ATP,men,2026,39
54,54,0,1510,30,sr:competitor:16124,ATP,men,2026,39
55,55,1,1475,29,sr:competitor:230186,ATP,men,2026,39
56,56,-1,1455,29,sr:competitor:81059,ATP,men,2026,39
57,57,0,1395,22,sr:competitor:15548,ATP,men,2026,39
58,58,0,1395,23,sr:competitor:38181,ATP,men,2026,39
59,59,0,1381,31,sr:competitor:16573,ATP,men,2026,39
60,60,1,1362,31,sr:competitor:393598,ATP,men,2026,39
61,61,1,1360,35,sr:competitor:287215,ATP,men,2026,39
62,62,1,1338,26,sr:competitor:243522,ATP,men,2026,39
63,63,1,1320,39,sr:competitor:422955,ATP,men,2026,39
64,64,-4,1279,25,sr:competitor:1020797,ATP,men,2026,39
65,65,0,1246,35,sr:competitor:1015089,ATP,men,2026,39
66,66,0,1246,37,sr:competitor:180104,ATP,men,2026,39
67,67,0,1230,27,sr:competitor:16992,ATP,men,2026,39
68,68,1,1220,33,sr:competitor:15305,ATP,men,2026,39
69,69,2,1217,35,sr:competitor:256001,ATP,men,2026,39
70,70,2,1216,2,sr:competitor:39726,ATP,men,2026,39
71,71,-3,1206,31,sr:competitor:15588,ATP,men,2026,39
72,72,1,1172,24,sr:competitor:56629,ATP,men,2026,39
73,73,2,1136,37,sr:competitor:210736,ATP,men,2026,39
74,74,0,1125,15,sr:competitor:14553,ATP,men,2026,39
75,75,-5,1125,31,sr:competitor:297448,ATP,men,2026,39
76,76,3,1122,35,sr:competitor:49306,ATP,men,2026,39
77,77,-1,1101,34,sr:competitor:263865,ATP,men,2026,39
78,78,-1,1101,35,sr:competitor:973963,ATP,men,2026,39
79,79,-1,1093,25,sr:competitor:17038,ATP,men,2026,39
80,80,0,1062,30,sr:competitor:296270,ATP,men,2026,39
81,81,1,1022,33,sr:competitor:163538,ATP,men,2026,39
82,82,-1,1002,22,sr:competitor:41475,ATP,men,2026,39
83,83,4,1001,34,sr:competitor:614090,ATP,men,2026,39
84,84,1,991,30,sr:competitor:108755,ATP,men,2026,39
85,85,-1,978,34,sr:competitor:204495,ATP,men,2026,39
86,86,9,972,32,sr:competitor:55989,ATP,men,2026,39
87,87,1,970,36,sr:competitor:145936,ATP,men,2026,39
88,88,1,965,32,sr:competitor:209202,ATP,men,2026,39
89,89,13,943,21,sr:competitor:405969,ATP,men,2026,39
90,90,8,937,34,sr:competitor:113889,ATP,men,2026,39
91,91,2,935,34,sr:competitor:16198,ATP,men,2026,39
92,92,-2,927,32,sr:competitor:272245,ATP,men,2026,39
93,93,1,925,34,sr:competitor:45105,ATP,men,2026,39
94,94,6,916,36,sr:competitor:121032,ATP,men,2026,39
95,95,-12,908,32,sr:competitor:90110,ATP,men,2026,39
96,96,1,900,3,sr:competitor:188321,ATP,men,2026,39
97,97,2,885,37,sr:competitor:628034,ATP,men,2026,39
98,98,-12,884,32,sr:competitor:48646,ATP,men,2026,39
99,99,2,873,35,sr:competitor:95923,ATP,men,2026,39
100,100,-9,858,28,sr:competitor:52263,ATP,men,2026,39
101,101,-5,857,31,sr:competitor:99377,ATP,men,2026,39
102,102,4,844,36,sr:competitor:145008,ATP,men,2026,39
103,103,0,840,33,sr:competitor:16823,ATP,men,2026,39
104,104,-12,829,35,sr:competitor:240880,ATP,men,2026,39
105,105,-1,825,3,sr:competitor:863319,ATP,men,2026,39
106,106,-1,825,17,sr:competitor:16151,ATP,men,2026,39
107,107,0,820,33,sr:competitor:59700,ATP,men,2026,39
108,108,0,810,14,sr:competitor:169496,ATP,men,2026,39
109,109,0,800,7,sr:competitor:158912,ATP,men,2026,39
110,110,0,772,31,sr:competitor:548169,ATP,men,2026,39
111,111,0,770,14,sr:competitor:57163,ATP,men,2026,39
112,112,0,765,30,sr:competitor:42151,ATP,men,2026,39
113,113,0,750,11,sr:competitor:63606,ATP,men,2026,39
114,114,0,740,3,sr:competitor:71280,ATP,men,2026,39
115,115,1,733,34,sr:competitor:310972,ATP,men,2026,39
116,116,11,728,35,sr:competitor:25021,ATP,men,2026,39
117,117,0,726,35,sr:competitor:223868,ATP,men,2026,39
118,118,0,720,34,sr:competitor:295508,ATP,men,2026,39
119,119,0,719,22,sr:competitor:437794,ATP,men,2026,39
120,120,0,716,27,sr:competitor:322801,ATP,men,2026,39
121,121,0,712,37,sr:competitor:77011,ATP,men,2026,39
122,122,0,708,25,sr:competitor:505542,ATP,men,2026,39
123,123,30,702,37,sr:competitor:880089,ATP,men,2026,39
124,124,-1,700,6,sr:competitor:808628,ATP,men,2026,39
125,125,-1,699,36,sr:competitor:60614,ATP,men,2026,39
126,126,-11,695,32,sr:competitor:92845,ATP,men,2026,39
127,127,2,695,38,sr:competitor:98981,ATP,men,2026,39
128,128,-3,690,8,sr:competitor:871495,ATP,men,2026,39
129,129,13,678,34,sr:competitor:76361,ATP,men,2026,39
130,130,-4,676,33,sr:competitor:37637,ATP,men,2026,39
131,131,20,671,32,sr:competitor:16854,ATP,men,2026,39
132,132,23,651,36,sr:competitor:297502,ATP,men,2026,39
133,133,10,651,37,sr:competitor:161220,ATP,men,2026,39
134,134,10,647,31,sr:competitor:292414,ATP,men,2026,39
135,135,-5,645,29,sr:competitor:124708,ATP,men,2026,39
136,136,-4,638,37,sr:competitor:126622,ATP,men,2026,39
137,137,-4,637,30,sr:competitor:98413,ATP,men,2026,39
138,138,12,631,34,sr:competitor:739643,ATP,men,2026,39
139,139,-5,630,8,sr:competitor:106755,ATP,men,2026,39
140,140,-5,630,9,sr:competitor:122368,ATP,men,2026,39
141,141,-5,630,9,sr:competitor:90080,ATP,men,2026,39
142,142,-5,630,12,sr:competitor:255595,ATP,men,2026,39
143,143,-5,629,26,sr:competitor:73572,ATP,men,2026,39
144,144,-5,629,29,sr:competitor:628226,ATP,men,2026,39
145,145,-5,628,29,sr:competitor:450383,ATP,men,2026,39
146,146,-5,623,22,sr:competitor:210592,ATP,men,2026,39
147,147,-2,619,38,sr:competitor:390480,ATP,men,2026,39
148,148,-1,610,34,sr:competitor:112061,ATP,men,2026,39
149,149,-1,607,19,sr:competitor:628218,ATP,men,2026,39
150,150,-1,594,32,sr:competitor:79223,ATP,men,2026,39
151,151,-23,591,24,sr:competitor:113221,ATP,men,2026,39
152,152,0,585,16,sr:competitor:534043,ATP,men,2026,39
153,153,-22,568,28,sr:competitor:233144,ATP,men,2026,39
154,154,2,565,17,sr:competitor:809324,ATP,men,2026,39
155,155,2,560,30,sr:competitor:111607,ATP,men,2026,39
156,156,2,542,25,sr:competitor:497320,ATP,men,2026,39
157,157,2,541,35,sr:competitor:54609,ATP,men,2026,39
158,158,-12,537,26,sr:competitor:380004,ATP,men,2026,39
159,159,1,527,20,sr:competitor:147104,ATP,men,2026,39
160,160,1,524,33,sr:competitor:157396,ATP,men,2026,39
161,161,2,516,18,sr:competitor:38180,ATP,men,2026,39
162,162,3,497,30,sr:competitor:161448,ATP,men,2026,39
163,163,1,497,37,sr:competitor:50148,ATP,men,2026,39
164,164,-2,496,37,sr:competitor:731833,ATP,men,2026,39
165,165,1,495,31,sr:competitor:210636,ATP,men,2026,39
166,166,1,490,35,sr:competitor:130442,ATP,men,2026,39
167,167,-13,489,19,sr:competitor:918463,ATP,men,2026,39
168,168,8,489,26,sr:competitor:853643,ATP,men,2026,39
169,169,-1,488,34,sr:competitor:52260,ATP,men,2026,39
170,170,-1,486,31,sr:competitor:77653,ATP,men,2026,39
171,171,3,481,32,sr:competitor:272273,ATP,men,2026,39
172,172,-2,469,31,sr:competitor:208123,ATP,men,2026,39
173,173,-1,466,26,sr:competitor:660427,ATP,men,2026,39
174,174,6,463,24,sr:competitor:25458,ATP,men,2026,39
175,175,-2,463,34,sr:competitor:58877,ATP,men,2026,39
176,176,-1,457,16,sr:competitor:104917,ATP,men,2026,39
177,177,0,453,33,sr:competitor:447733,ATP,men,2026,39
178,178,0,451,15,sr:competitor:686911,ATP,men,2026,39
179,179,2,443,37,sr:competitor:289021,ATP,men,2026,39
180,180,15,439,20,sr:competitor:252239,ATP,men,2026,39
181,181,15,431,31,sr:competitor:193912,ATP,men,2026,39
182,182,-11,430,2,sr:competitor:309954,ATP,men,2026,39
183,183,-1,430,9,sr:competitor:1128937,ATP,men,2026,39
184,184,-5,427,34,sr:competitor:202735,ATP,men,2026,39
185,185,-1,425,14,sr:competitor:299130,ATP,men,2026,39
186,186,-1,423,10,sr:competitor:168420,ATP,men,2026,39
187,187,3,412,37,sr:competitor:645442,ATP,men,2026,39
188,188,-2,411,23,sr:competitor:822192,ATP,men,2026,39
189,189,-1,408,34,sr:competitor:182086,ATP,men,2026,39
190,190,3,395,24,sr:competitor:222628,ATP,men,2026,39
191,191,-4,394,33,sr:competitor:322589,ATP,men,2026,39
192,192,2,393,16,sr:competitor:46259,ATP,men,2026,39
193,193,-2,381,24,sr:competitor:348308,ATP,men,2026,39
194,194,14,377,16,sr:competitor:146040,ATP,men,2026,39
195,195,-12,377,19,sr:competitor:588081,ATP,men,2026,39
196,196,1,377,24,sr:competitor:63446,ATP,men,2026,39
197,197,1,373,18,sr:competitor:103625,ATP,men,2026,39
198,198,2,370,3,sr:competitor:127208,ATP,men,2026,39
199,199,0,369,28,sr:competitor:95939,ATP,men,2026,39
200,200,1,367,32,sr:competitor:395828,ATP,men,2026,39
201,201,9,366,30,sr:competitor:77501,ATP,men,2026,39
202,202,-13,363,19,sr:competitor:84659,ATP,men,2026,39
203,203,-11,362,26,sr:competitor:53759,ATP,men,2026,39
204,204,0,360,5,sr:competitor:102339,ATP,men,2026,39
205,205,26,358,32,sr:competitor:170964,ATP,men,2026,39
206,206,-1,355,13,sr:competitor:393518,ATP,men,2026,39
207,207,2,351,12,sr:competitor:102151,ATP,men,2026,39
208,208,10,351,28,sr:competitor:389078,ATP,men,2026,39
209,209,2,347,7,sr:competitor:443702,ATP,men,2026,39
210,210,2,347,22,sr:competitor:407791,ATP,men,2026,39
211,211,-8,346,15,sr:competitor:305776,ATP,men,2026,39
212,212,-5,345,34,sr:competitor:170976,ATP,men,2026,39
213,213,-11,344,32,sr:competitor:1020369,ATP,men,2026,39
214,214,1,340,3,sr:competitor:359602,ATP,men,2026,39
215,215,1,340,5,sr:competitor:46391,ATP,men,2026,39
216,216,12,338,18,sr:competitor:369572,ATP,men,2026,39
217,217,2,337,34,sr:competitor:96629,ATP,men,2026,39
218,218,2,333,26,sr:competitor:395890,ATP,men,2026,39
219,219,-5,333,28,sr:competitor:181384,ATP,men,2026,39
220,220,1,332,32,sr:competitor:72420,ATP,men,2026,39
221,221,-4,331,41,sr:competitor:154740,ATP,men,2026,39
222,222,8,330,23,sr:competitor:119150,ATP,men,2026,39
223,223,-17,329,16,sr:competitor:82157,ATP,men,2026,39
224,224,-2,327,9,sr:competitor:371448,ATP,men,2026,39
225,225,11,324,22,sr:competitor:53483,ATP,men,2026,39
226,226,-3,324,35,sr:competitor:1025093,ATP,men,2026,39
227,227,-2,320,18,sr:competitor:185434,ATP,men,2026,39
228,228,-2,320,28,sr:competitor:154490,ATP,men,2026,39
229,229,-2,320,34,sr:competitor:319353,ATP,men,2026,39
230,230,-1,317,22,sr:competitor:369630,ATP,men,2026,39
231,231,1,315,20,sr:competitor:44637,ATP,men,2026,39
232,232,1,315,21,sr:competitor:132558,ATP,men,2026,39
233,233,-9,312,34,sr:competitor:761136,ATP,men,2026,39
234,234,24,311,19,sr:competitor:250231,ATP,men,2026,39
235,235,2,304,25,sr:competitor:768772,ATP,men,2026,39
236,236,32,304,28,sr:competitor:220590,ATP,men,2026,39
237,237,2,302,5,sr:competitor:94485,ATP,men,2026,39
238,238,-25,300,6,sr:competitor:382058,ATP,men,2026,39
239,239,1,299,31,sr:competitor:24009,ATP,men,2026,39
240,240,1,298,24,sr:competitor:219398,ATP,men,2026,39
241,241,2,298,28,sr:competitor:179294,ATP,men,2026,39
242,242,2,295,12,sr:competitor:100069,ATP,men,2026,39
243,243,2,293,8,sr:competitor:515510,ATP,men,2026,39
244,244,13,292,37,sr:competitor:200873,ATP,men,2026,39
245,245,4,291,27,sr:competitor:163540,ATP,men,2026,39
246,246,2,291,35,sr:competitor:733153,ATP,men,2026,39
247,247,3,290,9,sr:competitor:300540,ATP,men,2026,39
248,248,3,290,23,sr:competitor:111609,ATP,men,2026,39
249,249,4,287,16,sr:competitor:287541,ATP,men,2026,39
250,250,4,285,8,sr:competitor:938097,ATP,men,2026,39
251,251,4,284,9,sr:competitor:49417,ATP,men,2026,39
252,252,17,284,32,sr:competitor:1080832,ATP,men,2026,39
253,253,3,283,15,sr:competitor:66086,ATP,men,2026,39
254,254,-20,282,22,sr:competitor:378220,ATP,men,2026,39
255,255,6,282,26,sr:competitor:207777,ATP,men,2026,39
256,256,19,274,12,sr:competitor:195458,ATP,men,2026,39
257,257,2,274,14,sr:competitor:298118,ATP,men,2026,39
258,258,2,273,22,sr:competitor:452787,ATP,men,2026,39
259,259,7,273,29,sr:competitor:84671,ATP,men,2026,39
260,260,2,270,5,sr:competitor:175014,ATP,men,2026,39
261,261,2,270,5,sr:competitor:122366,ATP,men,2026,39
262,262,2,270,6,sr:competitor:254383,ATP,men,2026,39
263,263,4,269,34,sr:competitor:60920,ATP,men,2026,39
264,264,6,266,19,sr:competitor:55745,ATP,men,2026,39
265,265,0,265,34,sr:competitor:418253,ATP,men,2026,39
266,266,5,264,14,sr:competitor:809322,ATP,men,2026,39
267,267,-29,259,27,sr:competitor:55293,ATP,men,2026,39
268,268,5,258,13,sr:competitor:303862,ATP,men,2026,39
269,269,-34,258,22,sr:competitor:48225,ATP,men,2026,39
270,270,7,258,34,sr:competitor:376372,ATP,men,2026,39
271,271,3,257,21,sr:competitor:866247,ATP,men,2026,39
272,272,4,253,21,sr:competitor:635386,ATP,men,2026,39
273,273,-31,253,27,sr:competitor:58989,ATP,men,2026,39
274,274,20,253,30,sr:competitor:342822,ATP,men,2026,39
275,275,3,252,16,sr:competitor:723013,ATP,men,2026,39
276,276,3,252,19,sr:competitor:69362,ATP,men,2026,39
277,277,-5,251,16,sr:competitor:221556,ATP,men,2026,39
278,278,2,250,3,sr:competitor:104847,ATP,men,2026,39
279,279,2,250,5,sr:competitor:47975,ATP,men,2026,39
280,280,2,250,8,sr:competitor:256875,ATP,men,2026,39
281,281,2,250,9,sr:competitor:145112,ATP,men,2026,39
282,282,2,250,11,sr:competitor:125006,ATP,men,2026,39
283,283,-36,250,32,sr:competitor:99043,ATP,men,2026,39
284,284,1,249,20,sr:competitor:220588,ATP,men,2026,39
285,285,2,248,29,sr:competitor:1196859,ATP,men,2026,39
286,286,2,245,9,sr:competitor:283759,ATP,men,2026,39
287,287,18,245,21,sr:competitor:163438,ATP,men,2026,39
288,288,1,244,5,sr:competitor:1034525,ATP,men,2026,39
289,289,-3,242,23,sr:competitor:433906,ATP,men,2026,39
290,290,-38,240,28,sr:competitor:85877,ATP,men,2026,39
291,291,2,239,18,sr:competitor:564952,ATP,men,2026,39
292,292,3,238,15,sr:competitor:116616,ATP,men,2026,39
293,293,-2,237,15,sr:competitor:216502,ATP,men,2026,39
294,294,4,230,11,sr:competitor:43761,ATP,men,2026,39
295,295,-5,230,27,sr:competitor:318187,ATP,men,2026,39
296,296,4,230,40,sr:competitor:124934,ATP,men,2026,39
297,297,4,229,17,sr:competitor:353548,ATP,men,2026,39
298,298,4,229,17,sr:competitor:64920,ATP,men,2026,39
299,299,5,228,22,sr:competitor:301896,ATP,men,2026,39
300,300,3,226,17,sr:competitor:682903,ATP,men,2026,39
301,301,17,225,32,sr:competitor:130494,ATP,men,2026,39
302,302,-3,224,36,sr:competitor:246745,ATP,men,2026,39
303,303,3,223,19,sr:competitor:284835,ATP,men,2026,39
304,304,-7,223,22,sr:competitor:515498,ATP,men,2026,39
305,305,21,223,34,sr:competitor:171072,ATP,men,2026,39
306,306,-14,222,13,sr:competitor:927343,ATP,men,2026,39
307,307,0,222,21,sr:competitor:538457,ATP,men,2026,39
308,308,28,222,21,sr:competitor:407785,ATP,men,2026,39
309,309,238,220,10,sr:competitor:78387,ATP,men,2026,39
310,310,0,220,26,sr:competitor:812360,ATP,men,2026,39
311,311,-2,220,27,sr:competitor:529399,ATP,men,2026,39
312,312,-1,219,15,sr:competitor:287543,ATP,men,2026,39
313,313,-1,219,17,sr:competitor:161868,ATP,men,2026,39
314,314,-1,218,13,sr:competitor:54975,ATP,men,2026,39
315,315,24,218,22,sr:competitor:312436,ATP,men,2026,39
316,316,12,218,39,sr:competitor:403285,ATP,men,2026,39
317,317,-3,217,8,sr:competitor:722431,ATP,men,2026,39
318,318,-3,217,12,sr:competitor:763106,ATP,men,2026,39
319,319,4,216,11,sr:competitor:951223,ATP,men,2026,39
320,320,28,214,31,sr:competitor:48055,ATP,men,2026,39
321,321,-1,212,3,sr:competitor:965785,ATP,men,2026,39
322,322,-1,212,21,sr:competitor:215778,ATP,men,2026,39
323,323,-1,210,19,sr:competitor:431697,ATP,men,2026,39
324,324,1,206,19,sr:competitor:381022,ATP,men,2026,39
325,325,5,206,28,sr:competitor:840614,ATP,men,2026,39
326,326,20,204,10,sr:competitor:342826,ATP,men,2026,39
327,327,6,203,27,sr:competitor:215696,ATP,men,2026,39
328,328,-1,202,15,sr:competitor:81763,ATP,men,2026,39
329,329,0,201,11,sr:competitor:312728,ATP,men,2026,39
330,330,-14,201,17,sr:competitor:873679,ATP,men,2026,39
331,331,7,201,26,sr:competitor:273883,ATP,men,2026,39
332,332,10,201,33,sr:competitor:155860,ATP,men,2026,39
333,333,-2,199,11,sr:competitor:312440,ATP,men,2026,39
334,334,-2,199,22,sr:competitor:685379,ATP,men,2026,39
335,335,-1,199,29,sr:competitor:202681,ATP,men,2026,39
336,336,-1,198,17,sr:competitor:637610,ATP,men,2026,39
337,337,0,197,29,sr:competitor:106395,ATP,men,2026,39
338,338,-21,196,30,sr:competitor:412829,ATP,men,2026,39
339,339,1,193,24,sr:competitor:494844,ATP,men,2026,39
340,340,35,191,16,sr:competitor:229024,ATP,men,2026,39
341,341,-33,191,17,sr:competitor:82133,ATP,men,2026,39
342,342,1,190,13,sr:competitor:268441,ATP,men,2026,39
343,343,18,187,24,sr:competitor:908699,ATP,men,2026,39
344,344,0,187,27,sr:competitor:213234,ATP,men,2026,39
345,345,0,185,24,sr:competitor:180948,ATP,men,2026,39
346,346,1,182,4,sr:competitor:224024,ATP,men,2026,39
347,347,-23,182,21,sr:competitor:244388,ATP,men,2026,39
348,348,1,180,1,sr:competitor:223874,ATP,men,2026,39
349,348,1,180,1,sr:competitor:675175,ATP,men,2026,39
350,350,1,180,2,sr:competitor:163504,ATP,men,2026,39
351,351,2,180,2,sr:competitor:972327,ATP,men,2026,39
352,352,-1,180,3,sr:competitor:187689,ATP,men,2026,39
353,353,1,180,3,sr:competitor:505550,ATP,men,2026,39
354,354,1,180,3,sr:competitor:337601,ATP,men,2026,39
355,355,1,180,5,sr:competitor:339377,ATP,men,2026,39
356,356,1,180,6,sr:competitor:204117,ATP,men,2026,39
357,357,1,180,8,sr:competitor:399637,ATP,men,2026,39
358,358,1,180,9,sr:competitor:266711,ATP,men,2026,39
359,359,1,180,10,sr:competitor:163480,ATP,men,2026,39
360,360,8,180,12,sr:competitor:51100,ATP,men,2026,39
361,361,1,179,6,sr:competitor:121668,ATP,men,2026,39
362,362,1,177,10,sr:competitor:414501,ATP,men,2026,39
363,363,-22,176,9,sr:competitor:240264,ATP,men,2026,39
364,364,0,175,5,sr:competitor:515478,ATP,men,2026,39
365,365,1,175,11,sr:competitor:243478,ATP,men,2026,39
366,366,20,174,23,sr:competitor:141882,ATP,men,2026,39
367,367,-48,173,12,sr:competitor:434058,ATP,men,2026,39
368,368,11,173,29,sr:competitor:83263,ATP,men,2026,39
369,369,-2,171,13,sr:competitor:450343,ATP,men,2026,39
370,370,-1,170,11,sr:competitor:682913,ATP,men,2026,39
371,371,-1,170,17,sr:competitor:498580,ATP,men,2026,39
372,372,-126,168,12,sr:competitor:110707,ATP,men,2026,39
373,373,-2,168,22,sr:competitor:833418,ATP,men,2026,39
374,374,-2,167,31,sr:competitor:217192,ATP,men,2026,39
375,375,-2,166,8,sr:competitor:51345,ATP,men,2026,39
376,376,-2,164,12,sr:competitor:605854,ATP,men,2026,39
377,377,0,162,10,sr:competitor:518742,ATP,men,2026,39
378,378,0,162,21,sr:competitor:441576,ATP,men,2026,39
379,379,-83,161,7,sr:competitor:565070,ATP,men,2026,39
380,380,-4,161,32,sr:competitor:580165,ATP,men,2026,39
381,381,-1,160,25,sr:competitor:135828,ATP,men,2026,39
382,382,-1,160,28,sr:competitor:228766,ATP,men,2026,39
383,383,9,160,33,sr:competitor:445313,ATP,men,2026,39
384,384,25,159,16,sr:competitor:82579,ATP,men,2026,39
385,385,-3,159,18,sr:competitor:1011445,ATP,men,2026,39
386,386,-3,159,25,sr:competitor:312348,ATP,men,2026,39
387,387,-3,159,31,sr:competitor:297608,ATP,men,2026,39
388,388,-3,158,8,sr:competitor:373348,ATP,men,2026,39
389,389,-2,157,20,sr:competitor:679481,ATP,men,2026,39
390,390,4,157,25,sr:competitor:668903,ATP,men,2026,39
391,391,-3,157,26,sr:competitor:256393,ATP,men,2026,39
392,392,-3,156,20,sr:competitor:212046,ATP,men,2026,39
393,393,-3,155,10,sr:competitor:341188,ATP,men,2026,39
394,394,-3,154,8,sr:competitor:101157,ATP,men,2026,39
395,395,5,153,25,sr:competitor:278497,ATP,men,2026,39
396,396,29,152,23,sr:competitor:48459,ATP,men,2026,39
397,397,23,151,16,sr:competitor:833442,ATP,men,2026,39
398,398,-5,151,17,sr:competitor:686709,ATP,men,2026,39
399,399,-4,151,24,sr:competitor:906831,ATP,men,2026,39
400,400,-3,150,1,sr:competitor:233184,ATP,men,2026,39
401,401,-3,150,7,sr:competitor:170946,ATP,men,2026,39
402,402,-3,150,18,sr:competitor:197678,ATP,men,2026,39
403,403,-2,150,25,sr:competitor:245343,ATP,men,2026,39
404,404,66,149,18,sr:competitor:978717,ATP,men,2026,39
405,405,-2,147,19,sr:competitor:403357,ATP,men,2026,39
406,406,-1,145,15,sr:competitor:952887,ATP,men,2026,39
407,407,-1,145,15,sr:competitor:114885,ATP,men,2026,39
408,408,0,145,17,sr:competitor:609146,ATP,men,2026,39
409,409,-2,142,15,sr:competitor:121248,ATP,men,2026,39
410,410,1,140,5,sr:competitor:63438,ATP,men,2026,39
411,411,2,140,5,sr:competitor:496346,ATP,men,2026,39
412,412,2,139,6,sr:competitor:870927,ATP,men,2026,39
413,413,2,139,32,sr:competitor:16852,ATP,men,2026,39
414,414,24,138,26,sr:competitor:457167,ATP,men,2026,39
415,415,2,137,8,sr:competitor:530317,ATP,men,2026,39
416,416,2,137,9,sr:competitor:345060,ATP,men,2026,39
417,417,2,137,11,sr:competitor:145108,ATP,men,2026,39
418,418,-2,136,13,sr:competitor:925069,ATP,men,2026,39
419,419,2,136,21,sr:competitor:138712,ATP,men,2026,39
420,420,2,135,7,sr:competitor:604344,ATP,men,2026,39
421,421,2,135,8,sr:competitor:77223,ATP,men,2026,39
422,421,2,135,8,sr:competitor:88992,ATP,men,2026,39
423,423,3,134,17,sr:competitor:96239,ATP,men,2026,39
424,424,3,133,21,sr:competitor:230152,ATP,men,2026,39
425,425,3,133,26,sr:competitor:518802,ATP,men,2026,39
426,426,3,132,20,sr:competitor:180446,ATP,men,2026,39
427,427,3,132,20,sr:competitor:100317,ATP,men,2026,39
428,428,3,131,12,sr:competitor:145122,ATP,men,2026,39
429,429,4,131,41,sr:competitor:759758,ATP,men,2026,39
430,430,4,130,12,sr:competitor:25726,ATP,men,2026,39
431,431,4,130,13,sr:competitor:305558,ATP,men,2026,39
432,432,0,130,16,sr:competitor:126402,ATP,men,2026,39
433,433,3,130,18,sr:competitor:644676,ATP,men,2026,39
434,434,3,130,21,sr:competitor:652290,ATP,men,2026,39
435,435,-25,130,23,sr:competitor:1111195,ATP,men,2026,39
436,436,3,129,12,sr:competitor:534031,ATP,men,2026,39
437,437,3,129,20,sr:competitor:299818,ATP,men,2026,39
438,438,3,129,29,sr:competitor:337607,ATP,men,2026,39
439,439,3,128,13,sr:competitor:812862,ATP,men,2026,39
440,440,4,125,15,sr:competitor:251091,ATP,men,2026,39
441,441,4,125,25,sr:competitor:902257,ATP,men,2026,39
442,442,4,124,5,sr:competitor:341218,ATP,men,2026,39
443,443,4,124,9,sr:competitor:603420,ATP,men,2026,39
444,444,4,124,13,sr:competitor:211992,ATP,men,2026,39
445,445,22,123,16,sr:competitor:540211,ATP,men,2026,39
446,446,-44,123,18,sr:competitor:978579,ATP,men,2026,39
447,447,5,123,23,sr:competitor:439480,ATP,men,2026,39
448,448,5,122,14,sr:competitor:373852,ATP,men,2026,39
449,449,5,122,25,sr:competitor:79227,ATP,men,2026,39
450,450,5,122,25,sr:competitor:342976,ATP,men,2026,39
451,450,5,122,25,sr:competitor:342978,ATP,men,2026,39
452,452,6,121,13,sr:competitor:904033,ATP,men,2026,39
453,453,88,121,14,sr:competitor:1144655,ATP,men,2026,39
454,454,-58,121,28,sr:competitor:458575,ATP,men,2026,39
455,455,5,120,6,sr:competitor:682911,ATP,men,2026,39
456,456,5,120,7,sr:competitor:310974,ATP,men,2026,39
457,457,5,120,8,sr:competitor:263917,ATP,men,2026,39
458,458,-54,120,8,sr:competitor:405977,ATP,men,2026,39
459,459,4,120,8,sr:competitor:412813,ATP,men,2026,39
460,460,4,120,9,sr:competitor:508496,ATP,men,2026,39
461,461,4,120,14,sr:competitor:18066,ATP,men,2026,39
462,462,6,119,6,sr:competitor:307112,ATP,men,2026,39
463,463,6,119,10,sr:competitor:785974,ATP,men,2026,39
464,464,7,119,20,sr:competitor:262865,ATP,men,2026,39
465,465,7,118,11,sr:competitor:177658,ATP,men,2026,39
466,466,-7,118,13,sr:competitor:65576,ATP,men,2026,39
467,467,6,118,15,sr:competitor:844730,ATP,men,2026,39
468,468,6,118,19,sr:competitor:283451,ATP,men,2026,39
469,469,6,118,20,sr:competitor:627274,ATP,men,2026,39
470,470,6,118,21,sr:competitor:92667,ATP,men,2026,39
471,471,6,117,12,sr:competitor:163492,ATP,men,2026,39
472,472,6,116,11,sr:competitor:353298,ATP,men,2026,39
473,473,6,116,18,sr:competitor:1047289,ATP,men,2026,39
474,474,6,116,27,sr:competitor:1036507,ATP,men,2026,39
475,475,6,116,32,sr:competitor:120956,ATP,men,2026,39
476,476,-64,115,4,sr:competitor:938667,ATP,men,2026,39
477,477,5,115,7,sr:competitor:258735,ATP,men,2026,39
478,478,5,115,10,sr:competitor:117866,ATP,men,2026,39
479,479,5,115,14,sr:competitor:908687,ATP,men,2026,39
480,480,5,115,20,sr:competitor:844726,ATP,men,2026,39
481,481,-30,115,21,sr:competitor:1028265,ATP,men,2026,39
482,482,6,114,18,sr:competitor:739687,ATP,men,2026,39
483,483,4,114,19,sr:competitor:645452,ATP,men,2026,39
484,484,5,114,27,sr:competitor:855911,ATP,men,2026,39
485,485,5,113,7,sr:competitor:622876,ATP,men,2026,39
486,486,5,113,8,sr:competitor:93597,ATP,men,2026,39
487,487,6,113,11,sr:competitor:780650,ATP,men,2026,39
488,488,4,113,11,sr:competitor:457059,ATP,men,2026,39
489,489,-46,113,23,sr:competitor:255601,ATP,men,2026,39
490,490,4,112,10,sr:competitor:47764,ATP,men,2026,39
491,491,4,112,10,sr:competitor:934155,ATP,men,2026,39
492,492,5,111,9,sr:competitor:920395,ATP,men,2026,39
493,493,5,111,12,sr:competitor:390486,ATP,men,2026,39
494,494,5,111,14,sr:competitor:1042053,ATP,men,2026,39
495,495,7,111,34,sr:competitor:861535,ATP,men,2026,39
496,496,7,110,2,sr:competitor:203681,ATP,men,2026,39
497,497,7,110,10,sr:competitor:294300,ATP,men,2026,39
498,498,7,110,20,sr:competitor:375550,ATP,men,2026,39
499,499,7,109,14,sr:competitor:649038,ATP,men,2026,39
500,500,33,109,24,sr:competitor:935773,ATP,men,2026,39
501,1,0,11350,16,sr:competitor:72376,WTA,women,2026,39
502,2,0,9545,13,sr:competitor:51387,WTA,women,2026,39
503,3,0,7795,19,sr:competitor:96075,WTA,women,2026,39
504,4,0,6850,22,sr:competitor:41524,WTA,women,2026,39
505,5,0,6835,18,sr:competitor:43860,WTA,women,2026,39
506,6,0,6675,24,sr:competitor:69718,WTA,women,2026,39
507,7,0,6050,28,sr:competitor:19607,WTA,women,2026,39
508,8,0,5423,14,sr:competitor:78551,WTA,women,2026,39
509,9,3,4760,26,sr:competitor:46084,WTA,women,2026,39
510,10,-1,4625,15,sr:competitor:18936,WTA,women,2026,39
511,11,-1,4511,24,sr:competitor:33593,WTA,women,2026,39
512,12,-1,4485,19,sr:competitor:64496,WTA,women,2026,39
513,13,0,4235,16,sr:competitor:19202,WTA,women,2026,39
514,14,2,3930,22,sr:competitor:99131,WTA,women,2026,39
515,15,-1,3707,16,sr:competitor:18298,WTA,women,2026,39
516,16,-1,3696,14,sr:competitor:153652,WTA,women,2026,39
517,17,0,3546,22,sr:competitor:45835,WTA,women,2026,39
518,18,0,3348,15,sr:competitor:37508,WTA,women,2026,39
519,19,0,3240,24,sr:competitor:119670,WTA,women,2026,39
520,20,0,3184,26,sr:competitor:208125,WTA,women,2026,39
521,21,0,3100,28,sr:competitor:150122,WTA,women,2026,39
522,22,0,3076,21,sr:competitor:43547,WTA,women,2026,39
523,23,0,3043,16,sr:competitor:588071,WTA,women,2026,39
524,24,0,3035,23,sr:competitor:50537,WTA,women,2026,39
525,25,0,3011,10,sr:competitor:69208,WTA,women,2026,39
526,26,1,2909,25,sr:competitor:129714,WTA,women,2026,39
527,26,1,2909,29,sr:competitor:142996,WTA,women,2026,39
528,28,1,2898,29,sr:competitor:51481,WTA,women,2026,39
529,29,1,2710,28,sr:competitor:19974,WTA,women,2026,39
530,30,-4,2658,18,sr:competitor:776340,WTA,women,2026,39
531,31,0,2494,26,sr:competitor:74949,WTA,women,2026,39
532,32,0,2427,29,sr:competitor:64021,WTA,women,2026,39
533,33,0,2409,24,sr:competitor:157672,WTA,women,2026,39
534,34,1,2376,30,sr:competitor:108621,WTA,women,2026,39
535,35,4,2375,27,sr:competitor:73542,WTA,women,2026,39
536,36,0,2362,28,sr:competitor:66432,WTA,women,2026,39
537,37,0,2350,16,sr:competitor:401055,WTA,women,2026,39
538,38,2,2341,34,sr:competitor:69602,WTA,women,2026,39
539,39,-1,2336,14,sr:competitor:105463,WTA,women,2026,39
540,40,1,2245,27,sr:competitor:47801,WTA,women,2026,39
541,41,2,2180,26,sr:competitor:460837,WTA,women,2026,39
542,42,2,2164,29,sr:competitor:166124,WTA,women,2026,39
543,43,-1,2149,30,sr:competitor:48625,WTA,women,2026,39
544,44,1,2123,8,sr:competitor:871583,WTA,women,2026,39
545,45,1,2078,7,sr:competitor:43102,WTA,women,2026,39
546,46,-12,2073,16,sr:competitor:242602,WTA,women,2026,39
547,47,0,1997,28,sr:competitor:24431,WTA,women,2026,39
548,48,0,1963,15,sr:competitor:128584,WTA,women,2026,39
549,49,1,1950,26,sr:competitor:19731,WTA,women,2026,39
550,50,-1,1838,27,sr:competitor:19932,WTA,women,2026,39
551,51,4,1829,31,sr:competitor:235252,WTA,women,2026,39
552,52,-1,1760,26,sr:competitor:41520,WTA,women,2026,39
553,53,-1,1714,26,sr:competitor:46428,WTA,women,2026,39
554,53,-1,1714,24,sr:competitor:182054,WTA,women,2026,39
555,55,-1,1714,12,sr:competitor:67759,WTA,women,2026,39
556,56,4,1662,30,sr:competitor:47810,WTA,women,2026,39
557,57,0,1660,13,sr:competitor:18965,WTA,women,2026,39
558,58,0,1618,28,sr:competitor:87090,WTA,women,2026,39
559,59,-3,1617,32,sr:competitor:194106,WTA,women,2026,39
560,60,-1,1611,29,sr:competitor:182178,WTA,women,2026,39
561,61,0,1554,21,sr:competitor:173748,WTA,women,2026,39
562,62,0,1454,15,sr:competitor:135854,WTA,women,2026,39
563,63,0,1452,26,sr:competitor:70784,WTA,women,2026,39
564,64,1,1422,4,sr:competitor:499484,WTA,women,2026,39
565,65,1,1420,2,sr:competitor:66968,WTA,women,2026,39
566,66,3,1414,28,sr:competitor:60668,WTA,women,2026,39
567,67,1,1395,7,sr:competitor:549759,WTA,women,2026,39
568,68,-1,1374,21,sr:competitor:215476,WTA,women,2026,39
569,69,1,1317,20,sr:competitor:91960,WTA,women,2026,39
570,70,1,1309,11,sr:competitor:914135,WTA,women,2026,39
571,71,1,1282,28,sr:competitor:799304,WTA,women,2026,39
572,72,3,1268,31,sr:competitor:92877,WTA,women,2026,39
573,73,0,1262,34,sr:competitor:385206,WTA,women,2026,39
574,74,0,1258,32,sr:competitor:418583,WTA,women,2026,39
575,75,-11,1253,15,sr:competitor:45915,WTA,women,2026,39
576,76,1,1215,6,sr:competitor:138452,WTA,women,2026,39
577,77,1,1162,14,sr:competitor:272217,WTA,women,2026,39
578,78,2,1140,28,sr:competitor:303814,WTA,women,2026,39
579,79,0,1125,17,sr:competitor:289507,WTA,women,2026,39
580,80,-4,1120,15,sr:competitor:53789,WTA,women,2026,39
581,81,24,1099,29,sr:competitor:183957,WTA,women,2026,39
582,82,-1,1096,19,sr:competitor:49682,WTA,women,2026,39
583,83,0,1039,24,sr:competitor:92879,WTA,women,2026,39
584,84,1,1024,33,sr:competitor:52533,WTA,women,2026,39
585,85,-1,989,11,sr:competitor:44834,WTA,women,2026,39
586,86,9,963,31,sr:competitor:448121,WTA,women,2026,39
587,87,5,951,32,sr:competitor:51943,WTA,women,2026,39
588,88,5,944,29,sr:competitor:93657,WTA,women,2026,39
589,89,-3,933,27,sr:competitor:64085,WTA,women,2026,39
590,90,48,924,31,sr:competitor:50915,WTA,women,2026,39
591,91,-4,922,6,sr:competitor:103901,WTA,women,2026,39
592,92,-4,917,26,sr:competitor:156040,WTA,women,2026,39
593,92,-4,917,26,sr:competitor:210670,WTA,women,2026,39
594,94,4,899,33,sr:competitor:48451,WTA,women,2026,39
595,95,4,895,24,sr:competitor:67430,WTA,women,2026,39
596,96,-6,889,9,sr:competitor:534045,WTA,women,2026,39
597,97,-6,887,13,sr:competitor:44977,WTA,women,2026,39
598,98,5,857,27,sr:competitor:245673,WTA,women,2026,39
599,99,-5,856,29,sr:competitor:143146,WTA,women,2026,39
600,100,-18,855,16,sr:competitor:329535,WTA,women,2026,39
601,101,5,850,24,sr:competitor:215806,WTA,women,2026,39
602,102,-5,843,12,sr:competitor:252223,WTA,women,2026,39
603,103,-2,826,19,sr:competitor:662257,WTA,women,2026,39
604,104,6,826,22,sr:competitor:722877,WTA,women,2026,39
605,105,7,824,18,sr:competitor:189384,WTA,women,2026,39
606,106,-4,817,9,sr:competitor:60392,WTA,women,2026,39
607,107,-3,812,22,sr:competitor:48486,WTA,women,2026,39
608,108,6,793,19,sr:competitor:161270,WTA,women,2026,39
609,109,-2,776,20,sr:competitor:129534,WTA,women,2026,39
610,110,22,759,26,sr:competitor:506786,WTA,women,2026,39
611,111,-3,735,26,sr:competitor:102637,WTA,women,2026,39
612,112,7,732,12,sr:competitor:453301,WTA,women,2026,39
613,113,4,725,19,sr:competitor:203893,WTA,women,2026,39
614,114,-14,723,11,sr:competitor:72758,WTA,women,2026,39
615,115,8,721,24,sr:competitor:49118,WTA,women,2026,39
616,116,-3,712,9,sr:competitor:813176,WTA,women,2026,39
617,117,10,705,32,sr:competitor:70728,WTA,women,2026,39
618,118,-3,701,28,sr:competitor:345134,WTA,women,2026,39
619,119,1,701,24,sr:competitor:223862,WTA,women,2026,39
620,120,-4,700,44,sr:competitor:325837,WTA,women,2026,39
621,121,-3,691,9,sr:competitor:105099,WTA,women,2026,39
622,122,14,687,33,sr:competitor:52695,WTA,women,2026,39
623,123,-14,681,29,sr:competitor:628178,WTA,women,2026,39
624,124,-13,680,30,sr:competitor:250285,WTA,women,2026,39
625,125,-4,671,12,sr:competitor:627278,WTA,women,2026,39
626,126,-4,670,7,sr:competitor:19728,WTA,women,2026,39
627,127,-3,660,29,sr:competitor:233266,WTA,women,2026,39
628,128,-3,658,22,sr:competitor:195408,WTA,women,2026,39
629,129,1,657,21,sr:competitor:473609,WTA,women,2026,39
630,130,-4,655,23,sr:competitor:119216,WTA,women,2026,39
631,131,13,648,17,sr:competitor:98733,WTA,women,2026,39
632,132,-4,644,11,sr:competitor:360038,WTA,women,2026,39
633,133,-4,638,11,sr:competitor:69988,WTA,women,2026,39
634,134,24,623,5,sr:competitor:123824,WTA,women,2026,39
635,135,-4,623,33,sr:competitor:98523,WTA,women,2026,39
636,136,-3,622,37,sr:competitor:80427,WTA,women,2026,39
637,137,-3,618,24,sr:competitor:517274,WTA,women,2026,39
638,138,8,617,15,sr:competitor:662615,WTA,women,2026,39
639,139,-4,615,27,sr:competitor:88494,WTA,women,2026,39
640,140,-3,610,3,sr:competitor:90664,WTA,women,2026,39
641,141,6,609,14,sr:competitor:882091,WTA,women,2026,39
642,142,8,605,21,sr:competitor:71754,WTA,women,2026,39
643,143,-4,601,30,sr:competitor:870981,WTA,women,2026,39
644,144,-1,597,25,sr:competitor:226306,WTA,women,2026,39
645,145,-4,588,7,sr:competitor:150574,WTA,women,2026,39
646,146,-4,573,5,sr:competitor:373352,WTA,women,2026,39
647,147,-7,572,18,sr:competitor:805538,WTA,women,2026,39
648,148,27,571,30,sr:competitor:246945,WTA,women,2026,39
649,149,-4,566,24,sr:competitor:290994,WTA,women,2026,39
650,150,-2,555,6,sr:competitor:299310,WTA,women,2026,39
651,151,-2,555,12,sr:competitor:369524,WTA,women,2026,39
652,152,0,549,25,sr:competitor:59762,WTA,women,2026,39
653,153,-2,546,26,sr:competitor:278943,WTA,women,2026,39
654,154,6,539,20,sr:competitor:378340,WTA,women,2026,39
655,155,-2,537,19,sr:competitor:52183,WTA,women,2026,39
656,156,-2,530,25,sr:competitor:20158,WTA,women,2026,39
657,157,-2,524,21,sr:competitor:1022815,WTA,women,2026,39
658,158,-2,523,32,sr:competitor:46625,WTA,women,2026,39
659,159,-2,519,30,sr:competitor:64315,WTA,women,2026,39
660,160,-1,514,22,sr:competitor:448123,WTA,women,2026,39
661,161,0,510,5,sr:competitor:278887,WTA,women,2026,39
662,162,0,510,5,sr:competitor:87834,WTA,women,2026,39
663,163,16,510,20,sr:competitor:731427,WTA,women,2026,39
664,164,-1,508,24,sr:competitor:152106,WTA,women,2026,39
665,165,-1,505,28,sr:competitor:222546,WTA,women,2026,39
666,166,-1,499,3,sr:competitor:85077,WTA,women,2026,39
667,167,-1,494,9,sr:competitor:42289,WTA,women,2026,39
668,168,-1,489,25,sr:competitor:142758,WTA,women,2026,39
669,169,-1,488,4,sr:competitor:19520,WTA,women,2026,39
670,170,-1,487,28,sr:competitor:230108,WTA,women,2026,39
671,171,-1,486,6,sr:competitor:71034,WTA,women,2026,39
672,172,-1,483,11,sr:competitor:261583,WTA,women,2026,39
673,173,-1,481,26,sr:competitor:168526,WTA,women,2026,39
674,174,0,476,12,sr:competitor:431743,WTA,women,2026,39
675,175,1,466,13,sr:competitor:1020123,WTA,women,2026,39
676,176,-3,465,19,sr:competitor:435794,WTA,women,2026,39
677,177,0,464,20,sr:competitor:53288,WTA,women,2026,39
678,178,3,460,26,sr:competitor:382796,WTA,women,2026,39
679,179,18,458,9,sr:competitor:210558,WTA,women,2026,39
680,180,11,458,27,sr:competitor:254553,WTA,women,2026,39
681,181,46,455,17,sr:competitor:134532,WTA,women,2026,39
682,182,-4,455,29,sr:competitor:345070,WTA,women,2026,39
683,183,10,452,26,sr:competitor:105063,WTA,women,2026,39
684,184,-4,452,16,sr:competitor:880229,WTA,women,2026,39
685,185,47,447,22,sr:competitor:604242,WTA,women,2026,39
686,186,-3,445,18,sr:competitor:226092,WTA,women,2026,39
687,187,-3,444,17,sr:competitor:45827,WTA,women,2026,39
688,188,-3,443,27,sr:competitor:842594,WTA,women,2026,39
689,189,-2,442,7,sr:competitor:208105,WTA,women,2026,39
690,190,-4,442,23,sr:competitor:1115539,WTA,women,2026,39
691,191,-2,442,19,sr:competitor:936009,WTA,women,2026,39
692,192,-4,438,6,sr:competitor:225130,WTA,women,2026,39
693,193,-3,436,29,sr:competitor:148276,WTA,women,2026,39
694,194,-12,422,13,sr:competitor:568715,WTA,women,2026,39
695,195,-3,420,13,sr:competitor:141892,WTA,women,2026,39
696,196,6,420,25,sr:competitor:264863,WTA,women,2026,39
697,197,-1,410,24,sr:competitor:728507,WTA,women,2026,39
698,198,0,408,21,sr:competitor:213144,WTA,women,2026,39
699,199,0,408,18,sr:competitor:387110,WTA,women,2026,39
700,200,11,405,20,sr:competitor:353358,WTA,women,2026,39
701,201,0,404,15,sr:competitor:421379,WTA,women,2026,39
702,202,1,397,9,sr:competitor:63220,WTA,women,2026,39
703,203,-3,392,18,sr:competitor:812476,WTA,women,2026,39
704,204,1,392,8,sr:competitor:1222991,WTA,women,2026,39
705,205,1,390,11,sr:competitor:807358,WTA,women,2026,39
706,206,2,388,10,sr:competitor:18251,WTA,women,2026,39
707,207,2,387,4,sr:competitor:217912,WTA,women,2026,39
708,208,2,387,22,sr:competitor:66516,WTA,women,2026,39
709,209,3,384,19,sr:competitor:256447,WTA,women,2026,39
710,210,3,381,4,sr:competitor:192108,WTA,women,2026,39
711,211,3,380,4,sr:competitor:319455,WTA,women,2026,39
712,212,3,376,21,sr:competitor:473937,WTA,women,2026,39
713,213,3,373,4,sr:competitor:235260,WTA,women,2026,39
714,214,3,373,17,sr:competitor:731441,WTA,women,2026,39
715,215,-20,372,28,sr:competitor:378144,WTA,women,2026,39
716,216,2,372,19,sr:competitor:890199,WTA,women,2026,39
717,217,13,372,22,sr:competitor:494296,WTA,women,2026,39
718,218,-24,369,19,sr:competitor:227486,WTA,women,2026,39
719,219,1,368,18,sr:competitor:282597,WTA,women,2026,39
720,220,1,368,22,sr:competitor:340365,WTA,women,2026,39
721,221,1,367,7,sr:competitor:728549,WTA,women,2026,39
722,222,1,365,19,sr:competitor:225468,WTA,women,2026,39
723,223,1,364,17,sr:competitor:70822,WTA,women,2026,39
724,224,1,363,15,sr:competitor:111189,WTA,women,2026,39
725,225,-21,363,31,sr:competitor:233478,WTA,women,2026,39
726,226,0,360,17,sr:competitor:870983,WTA,women,2026,39
727,227,7,360,22,sr:competitor:380368,WTA,women,2026,39
728,228,-21,359,19,sr:competitor:904005,WTA,women,2026,39
729,229,-1,354,21,sr:competitor:750329,WTA,women,2026,39
730,230,-1,352,8,sr:competitor:1017327,WTA,women,2026,39
731,231,0,350,10,sr:competitor:47697,WTA,women,2026,39
732,232,1,349,20,sr:competitor:459317,WTA,women,2026,39
733,233,-137,348,3,sr:competitor:60398,WTA,women,2026,39
734,234,1,347,25,sr:competitor:341196,WTA,women,2026,39
735,235,2,341,12,sr:competitor:286435,WTA,women,2026,39
736,236,2,341,17,sr:competitor:420819,WTA,women,2026,39
737,237,2,340,7,sr:competitor:406199,WTA,women,2026,39
738,238,13,340,25,sr:competitor:1008651,WTA,women,2026,39
739,239,1,337,24,sr:competitor:122668,WTA,women,2026,39
740,240,1,335,2,sr:competitor:71250,WTA,women,2026,39
741,241,1,335,8,sr:competitor:245295,WTA,women,2026,39
742,242,16,335,18,sr:competitor:209418,WTA,women,2026,39
743,243,10,334,17,sr:competitor:257691,WTA,women,2026,39
744,244,16,332,15,sr:competitor:378226,WTA,women,2026,39
745,245,-2,331,17,sr:competitor:745799,WTA,women,2026,39
746,246,-1,330,22,sr:competitor:624838,WTA,women,2026,39
747,247,-11,330,22,sr:competitor:476218,WTA,women,2026,39
748,248,-2,330,20,sr:competitor:217036,WTA,women,2026,39
749,249,-2,328,26,sr:competitor:61526,WTA,women,2026,39
750,250,32,327,10,sr:competitor:679319,WTA,women,2026,39
751,251,-3,327,16,sr:competitor:567285,WTA,women,2026,39
752,252,-3,326,12,sr:competitor:1027515,WTA,women,2026,39
753,253,-3,323,32,sr:competitor:315663,WTA,women,2026,39
754,254,-35,321,9,sr:competitor:750327,WTA,women,2026,39
755,255,16,315,7,sr:competitor:315609,WTA,women,2026,39
756,256,34,311,7,sr:competitor:445421,WTA,women,2026,39
757,257,-3,311,25,sr:competitor:505580,WTA,women,2026,39
758,258,3,311,17,sr:competitor:496316,WTA,women,2026,39
759,259,-4,310,13,sr:competitor:979575,WTA,women,2026,39
760,260,-3,309,12,sr:competitor:137932,WTA,women,2026,39
761,261,-9,304,18,sr:competitor:1020859,WTA,women,2026,39
762,262,0,302,10,sr:competitor:115507,WTA,women,2026,39
763,263,1,302,14,sr:competitor:868599,WTA,women,2026,39
764,264,1,301,14,sr:competitor:1052227,WTA,women,2026,39
765,265,1,297,13,sr:competitor:132412,WTA,women,2026,39
766,266,39,293,13,sr:competitor:45139,WTA,women,2026,39
767,267,42,293,9,sr:competitor:297588,WTA,women,2026,39
768,268,0,293,30,sr:competitor:1020177,WTA,women,2026,39
769,269,-25,293,20,sr:competitor:98105,WTA,women,2026,39
770,270,-3,292,25,sr:competitor:202803,WTA,women,2026,39
771,271,-2,291,17,sr:competitor:927441,WTA,women,2026,39
772,272,-9,290,23,sr:competitor:171354,WTA,women,2026,39
773,273,-3,290,25,sr:competitor:221510,WTA,women,2026,39
774,274,-2,285,19,sr:competitor:858867,WTA,women,2026,39
775,275,-19,283,16,sr:competitor:19847,WTA,women,2026,39
776,276,-3,283,34,sr:competitor:41359,WTA,women,2026,39
777,277,11,283,21,sr:competitor:505974,WTA,women,2026,39
778,278,45,280,11,sr:competitor:55793,WTA,women,2026,39
779,279,-2,278,6,sr:competitor:256547,WTA,women,2026,39
780,280,45,278,6,sr:competitor:106341,WTA,women,2026,39
781,281,-3,277,17,sr:competitor:337813,WTA,women,2026,39
782,282,-3,276,11,sr:competitor:300496,WTA,women,2026,39
783,283,-3,276,14,sr:competitor:799662,WTA,women,2026,39
784,284,-3,274,29,sr:competitor:673491,WTA,women,2026,39
785,285,-2,273,20,sr:competitor:244216,WTA,women,2026,39
786,286,-2,272,5,sr:competitor:504238,WTA,women,2026,39
787,287,-3,271,4,sr:competitor:906723,WTA,women,2026,39
788,288,-29,269,13,sr:competitor:906635,WTA,women,2026,39
789,289,-14,269,12,sr:competitor:870979,WTA,women,2026,39
790,290,-4,267,21,sr:competitor:567551,WTA,women,2026,39
791,291,-4,266,28,sr:competitor:447703,WTA,women,2026,39
792,292,-1,260,31,sr:competitor:786310,WTA,women,2026,39
793,293,3,255,7,sr:competitor:287769,WTA,women,2026,39
794,294,-20,255,7,sr:competitor:845268,WTA,women,2026,39
795,295,2,255,13,sr:competitor:292540,WTA,women,2026,39
796,296,25,255,18,sr:competitor:918555,WTA,women,2026,39
797,297,1,253,15,sr:competitor:104929,WTA,women,2026,39
798,298,1,253,19,sr:competitor:496378,WTA,women,2026,39
799,299,15,253,16,sr:competitor:209716,WTA,women,2026,39
800,300,-8,252,13,sr:competitor:414533,WTA,women,2026,39
801,301,-1,251,2,sr:competitor:52025,WTA,women,2026,39
802,302,-1,251,26,sr:competitor:65610,WTA,women,2026,39
803,303,7,251,26,sr:competitor:568103,WTA,women,2026,39
804,304,-1,248,29,sr:competitor:409673,WTA,women,2026,39
805,305,-1,246,12,sr:competitor:335171,WTA,women,2026,39
806,306,1,245,15,sr:competitor:967949,WTA,women,2026,39
807,307,1,244,3,sr:competitor:19655,WTA,women,2026,39
808,308,3,243,18,sr:competitor:129430,WTA,women,2026,39
809,309,-14,242,18,sr:competitor:262701,WTA,women,2026,39
810,310,2,240,1,sr:competitor:59702,WTA,women,2026,39
811,311,4,239,22,sr:competitor:133076,WTA,women,2026,39
812,312,-23,238,15,sr:competitor:448081,WTA,women,2026,39
813,313,3,237,7,sr:competitor:373354,WTA,women,2026,39
814,314,-8,237,7,sr:competitor:675189,WTA,women,2026,39
815,315,2,236,7,sr:competitor:50655,WTA,women,2026,39
816,316,82,236,12,sr:competitor:337811,WTA,women,2026,39
817,317,1,236,17,sr:competitor:833336,WTA,women,2026,39
818,318,-42,231,11,sr:competitor:356694,WTA,women,2026,39
819,319,3,231,4,sr:competitor:675193,WTA,women,2026,39
820,320,4,231,18,sr:competitor:965307,WTA,women,2026,39
821,321,-1,229,23,sr:competitor:515530,WTA,women,2026,39
822,322,4,229,9,sr:competitor:501894,WTA,women,2026,39
823,323,-29,229,19,sr:competitor:777872,WTA,women,2026,39
824,324,3,229,14,sr:competitor:111767,WTA,women,2026,39
825,325,3,229,20,sr:competitor:310984,WTA,women,2026,39
826,326,3,228,2,sr:competitor:52273,WTA,women,2026,39
827,327,4,226,6,sr:competitor:789688,WTA,women,2026,39
828,328,4,226,25,sr:competitor:47876,WTA,women,2026,39
829,329,4,225,12,sr:competitor:933453,WTA,women,2026,39
830,330,-28,224,15,sr:competitor:118052,WTA,women,2026,39
831,331,3,224,16,sr:competitor:78785,WTA,women,2026,39
832,332,3,223,30,sr:competitor:201105,WTA,women,2026,39
833,333,4,221,4,sr:competitor:801414,WTA,women,2026,39
834,334,4,221,21,sr:competitor:41480,WTA,women,2026,39
835,335,4,221,22,sr:competitor:679485,WTA,women,2026,39
836,336,-17,221,23,sr:competitor:720627,WTA,women,2026,39
837,337,97,218,8,sr:competitor:1116289,WTA,women,2026,39
838,338,-2,218,19,sr:competitor:658439,WTA,women,2026,39
839,339,1,218,23,sr:competitor:286459,WTA,women,2026,39
840,340,27,217,24,sr:competitor:86894,WTA,women,2026,39
841,341,1,217,19,sr:competitor:677411,WTA,women,2026,39
842,342,1,216,2,sr:competitor:41877,WTA,women,2026,39
843,343,1,215,3,sr:competitor:45545,WTA,women,2026,39
844,344,3,215,25,sr:competitor:242504,WTA,women,2026,39
845,345,1,213,9,sr:competitor:51651,WTA,women,2026,39
846,346,2,210,5,sr:competitor:416473,WTA,women,2026,39
847,347,34,210,10,sr:competitor:835864,WTA,women,2026,39
848,348,-35,210,12,sr:competitor:960043,WTA,women,2026,39
849,349,0,210,12,sr:competitor:518748,WTA,women,2026,39
850,350,-20,210,22,sr:competitor:827398,WTA,women,2026,39
851,351,-6,210,23,sr:competitor:37638,WTA,women,2026,39
852,352,-2,209,4,sr:competitor:676251,WTA,women,2026,39
853,353,21,209,10,sr:competitor:403329,WTA,women,2026,39
854,354,-3,208,21,sr:competitor:111149,WTA,women,2026,39
855,355,-3,207,12,sr:competitor:234398,WTA,women,2026,39
856,356,-3,207,11,sr:competitor:812502,WTA,women,2026,39
857,357,-3,206,21,sr:competitor:61922,WTA,women,2026,39
858,358,-3,206,17,sr:competitor:133080,WTA,women,2026,39
859,359,-3,206,20,sr:competitor:154744,WTA,women,2026,39
860,360,-3,206,21,sr:competitor:179248,WTA,women,2026,39
861,361,-3,205,5,sr:competitor:262759,WTA,women,2026,39
862,362,-3,205,5,sr:competitor:99405,WTA,women,2026,39
863,363,-3,205,26,sr:competitor:324677,WTA,women,2026,39
864,364,-3,204,7,sr:competitor:41404,WTA,women,2026,39
865,365,-1,203,17,sr:competitor:517006,WTA,women,2026,39
866,366,-4,203,25,sr:competitor:352784,WTA,women,2026,39
867,367,-4,203,9,sr:competitor:510530,WTA,women,2026,39
868,368,11,203,20,sr:competitor:932867,WTA,women,2026,39
869,369,-1,203,28,sr:competitor:171026,WTA,women,2026,39
870,370,-4,202,10,sr:competitor:319461,WTA,women,2026,39
871,371,-2,201,18,sr:competitor:282057,WTA,women,2026,39
872,372,51,201,16,sr:competitor:217056,WTA,women,2026,39
873,373,-3,201,23,sr:competitor:206957,WTA,women,2026,39
874,374,-3,200,10,sr:competitor:1098357,WTA,women,2026,39
875,375,-3,199,16,sr:competitor:857871,WTA,women,2026,39
876,376,-3,199,13,sr:competitor:120664,WTA,women,2026,39
877,377,172,197,13,sr:competitor:831262,WTA,women,2026,39
878,378,-3,197,21,sr:competitor:262023,WTA,women,2026,39
879,379,-3,197,9,sr:competitor:915371,WTA,women,2026,39
880,380,-3,197,10,sr:competitor:915635,WTA,women,2026,39
881,381,-3,196,21,sr:competitor:108857,WTA,women,2026,39
882,382,39,195,15,sr:competitor:382264,WTA,women,2026,39
883,383,-3,194,3,sr:competitor:211262,WTA,women,2026,39
884,384,-2,194,8,sr:competitor:1027517,WTA,women,2026,39
885,385,-2,194,17,sr:competitor:244184,WTA,women,2026,39
886,386,-2,193,25,sr:competitor:797346,WTA,women,2026,39
887,387,-2,192,13,sr:competitor:254551,WTA,women,2026,39
888,388,38,192,18,sr:competitor:875507,WTA,women,2026,39
889,389,-2,190,20,sr:competitor:762764,WTA,women,2026,39
890,390,-1,188,22,sr:competitor:947289,WTA,women,2026,39
891,391,-3,187,5,sr:competitor:192130,WTA,women,2026,39
892,392,-6,187,18,sr:competitor:739667,WTA,women,2026,39
893,393,40,186,7,sr:competitor:215598,WTA,women,2026,39
894,394,-4,186,17,sr:competitor:783792,WTA,women,2026,39
895,395,-4,186,14,sr:competitor:59662,WTA,women,2026,39
896,396,9,186,15,sr:competitor:1279439,WTA,women,2026,39
897,397,304,185,7,sr:competitor:51969,WTA,women,2026,39
898,398,-6,185,24,sr:competitor:233748,WTA,women,2026,39
899,399,-6,185,22,sr:competitor:389048,WTA,women,2026,39
900,400,-6,184,2,sr:competitor:341112,WTA,women,2026,39
901,401,-60,184,12,sr:competitor:195404,WTA,women,2026,39
902,402,-5,183,7,sr:competitor:18919,WTA,women,2026,39
903,403,-4,182,9,sr:competitor:99429,WTA,women,2026,39
904,404,-4,181,17,sr:competitor:164852,WTA,women,2026,39
905,405,-4,179,19,sr:competitor:185412,WTA,women,2026,39
906,406,-113,178,8,sr:competitor:227390,WTA,women,2026,39
907,407,-5,178,6,sr:competitor:955421,WTA,women,2026,39
908,408,-5,178,11,sr:competitor:1080640,WTA,women,2026,39
909,409,-5,178,18,sr:competitor:904237,WTA,women,2026,39
910,410,-4,177,18,sr:competitor:513666,WTA,women,2026,39
911,411,-4,177,20,sr:competitor:627510,WTA,women,2026,39
912,412,-17,176,6,sr:competitor:79443,WTA,women,2026,39
913,413,-4,176,11,sr:competitor:586741,WTA,women,2026,39
914,414,-49,175,3,sr:competitor:110299,WTA,women,2026,39
915,415,-5,175,18,sr:competitor:743423,WTA,women,2026,39
916,416,-5,175,18,sr:competitor:406401,WTA,women,2026,39
917,417,14,174,14,sr:competitor:972259,WTA,women,2026,39
918,418,-6,173,5,sr:competitor:771430,WTA,women,2026,39
919,419,-6,172,4,sr:competitor:784280,WTA,women,2026,39
920,420,-5,171,11,sr:competitor:836764,WTA,women,2026,39
921,421,-5,170,14,sr:competitor:513582,WTA,women,2026,39
922,422,-5,170,19,sr:competitor:120722,WTA,women,2026,39
923,423,-5,169,8,sr:competitor:505998,WTA,women,2026,39
924,424,-5,168,5,sr:competitor:112957,WTA,women,2026,39
925,425,-5,168,16,sr:competitor:373362,WTA,women,2026,39
926,426,-4,167,7,sr:competitor:867605,WTA,women,2026,39
927,427,32,167,17,sr:competitor:925005,WTA,women,2026,39
928,428,-4,167,21,sr:competitor:196552,WTA,women,2026,39
929,429,-4,167,23,sr:competitor:915657,WTA,women,2026,39
930,430,-3,166,17,sr:competitor:948061,WTA,women,2026,39
931,431,-3,165,3,sr:competitor:341216,WTA,women,2026,39
932,432,-3,165,16,sr:competitor:59213,WTA,women,2026,39
933,433,-1,165,5,sr:competitor:165866,WTA,women,2026,39
934,434,29,164,24,sr:competitor:54983,WTA,women,2026,39
935,434,29,164,24,sr:competitor:63238,WTA,women,2026,39
936,436,-1,163,5,sr:competitor:467037,WTA,women,2026,39
937,437,-1,163,7,sr:competitor:234150,WTA,women,2026,39
938,438,0,163,14,sr:competitor:801420,WTA,women,2026,39
939,439,-43,163,22,sr:competitor:227342,WTA,women,2026,39
940,440,-1,162,5,sr:competitor:535801,WTA,women,2026,39
941,441,69,162,14,sr:competitor:999017,WTA,women,2026,39
942,442,-2,162,23,sr:competitor:226170,WTA,women,2026,39
943,443,-2,162,17,sr:competitor:858079,WTA,women,2026,39
944,444,-2,161,5,sr:competitor:242630,WTA,women,2026,39
945,445,-2,161,9,sr:competitor:395740,WTA,women,2026,39
946,446,-1,159,29,sr:competitor:341238,WTA,women,2026,39
947,447,-1,158,3,sr:competitor:113079,WTA,women,2026,39
948,448,-1,158,20,sr:competitor:360054,WTA,women,2026,39
949,449,-1,158,12,sr:competitor:405105,WTA,women,2026,39
950,450,-1,157,17,sr:competitor:673521,WTA,women,2026,39
951,451,-1,157,19,sr:competitor:194474,WTA,women,2026,39
952,452,-44,156,11,sr:competitor:1195051,WTA,women,2026,39
953,453,-2,155,7,sr:competitor:134342,WTA,women,2026,39
954,454,-2,155,18,sr:competitor:960137,WTA,women,2026,39
955,455,-1,154,14,sr:competitor:1073106,WTA,women,2026,39
956,456,-1,153,12,sr:competitor:60028,WTA,women,2026,39
957,457,-13,152,15,sr:competitor:348216,WTA,women,2026,39
958,458,-1,152,15,sr:competitor:620340,WTA,women,2026,39
959,459,1,151,2,sr:competitor:23082,WTA,women,2026,39
960,460,2,151,21,sr:competitor:956445,WTA,women,2026,39
961,461,0,151,16,sr:competitor:770242,WTA,women,2026,39
962,462,3,151,18,sr:competitor:967951,WTA,women,2026,39
963,463,4,151,22,sr:competitor:447759,WTA,women,2026,39
964,464,4,150,3,sr:competitor:132370,WTA,women,2026,39
965,465,4,150,21,sr:competitor:904159,WTA,women,2026,39
966,466,4,149,4,sr:competitor:63682,WTA,women,2026,39
967,467,4,149,22,sr:competitor:153744,WTA,women,2026,39
968,468,5,149,12,sr:competitor:355958,WTA,women,2026,39
969,469,5,149,13,sr:competitor:1045543,WTA,women,2026,39
970,470,5,149,16,sr:competitor:786086,WTA,women,2026,39
971,470,5,149,17,sr:competitor:1038811,WTA,women,2026,39
972,472,-16,148,11,sr:competitor:1164921,WTA,women,2026,39
973,473,5,148,13,sr:competitor:448093,WTA,women,2026,39
974,474,6,148,16,sr:competitor:450331,WTA,women,2026,39
975,475,6,148,17,sr:competitor:518838,WTA,women,2026,39
976,476,6,147,11,sr:competitor:157368,WTA,women,2026,39
977,477,-24,147,20,sr:competitor:169960,WTA,women,2026,39
978,478,-48,146,13,sr:competitor:628190,WTA,women,2026,39
979,479,4,146,18,sr:competitor:505576,WTA,women,2026,39
980,480,-66,144,7,sr:competitor:790640,WTA,women,2026,39
981,481,7,144,18,sr:competitor:1020179,WTA,women,2026,39
982,482,65,144,8,sr:competitor:1149479,WTA,women,2026,39
983,483,-4,144,14,sr:competitor:100185,WTA,women,2026,39
984,484,7,144,23,sr:competitor:51354,WTA,women,2026,39
985,485,0,143,24,sr:competitor:861587,WTA,women,2026,39
986,486,0,143,15,sr:competitor:82609,WTA,women,2026,39
987,487,-29,143,14,sr:competitor:208229,WTA,women,2026,39
988,488,9,143,15,sr:competitor:889135,WTA,women,2026,39
989,489,-23,143,16,sr:competitor:788274,WTA,women,2026,39
990,490,-3,142,5,sr:competitor:62924,WTA,women,2026,39
991,491,-19,142,24,sr:competitor:194604,WTA,women,2026,39
992,492,-3,142,17,sr:competitor:853745,WTA,women,2026,39
993,493,259,142,7,sr:competitor:71284,WTA,women,2026,39
994,494,38,142,11,sr:competitor:257649,WTA,women,2026,39
995,495,-5,142,13,sr:competitor:822586,WTA,women,2026,39
996,496,6,141,19,sr:competitor:310982,WTA,women,2026,39
997,497,-4,140,2,sr:competitor:318195,WTA,women,2026,39
998,497,-4,140,2,sr:competitor:604388,WTA,women,2026,39
999,499,-4,140,3,sr:competitor:179146,WTA,women,2026,39
1000,500,0,140,10,sr:competitor:763112,WTA,women,2026,39
