competitor_id,name,country,country_code,abbreviation
sr:competitor:14898,"Heliovaara, Harri",Finland,FIN,HEL
sr:competitor:637970,"Patten, Henry",Great Britain,GBR,PAT
sr:competitor:53785,"Skupski, Neal",Great Britain,GBR,SKU
sr:competitor:52065,"Harrison, Christian",USA,USA,HAR
sr:competitor:16160,"Zeballos, Horacio",Argentina,ARG,ZEB
sr:competitor:15568,"Granollers, Marcel",Spain,ESP,GRA
sr:competitor:36593,"Krawietz, Kevin",Germany,DEU,KRA
sr:competitor:51836,"Arevalo, Marcelo",El Salvador,SLV,ARE
sr:competitor:49363,"Pavic, Mate",Croatia,HRV,PAV
sr:competitor:52293,"Putz, Tim",Germany,DEU,PUT
sr:competitor:95801,"Vavassori, Andrea",Italy,ITA,VAV
sr:competitor:15310,"Bolelli, Simone",Italy,ITA,BOL
sr:competitor:121182,"Guinard, Manuel",France,FRA,GUI
sr:competitor:47295,"Andreozzi, Guido",Argentina,ARG,AND
sr:competitor:59131,"Glasspool, Lloyd",Great Britain,GBR,GLA
sr:competitor:108099,"Cash, Julian",Great Britain,GBR,CAS
sr:competitor:111195,"Luz, Orlando",Brazil,BRA,LUZ
sr:competitor:76263,"Matos, Rafael",Brazil,BRA,MAT
sr:competitor:47966,"Olivetti, Albano",France,FRA,OLI
sr:competitor:231090,"Arribage, Theo",France,FRA,ARR
sr:competitor:80665,"Polmans, Marc",Australia,AUS,POL
sr:competitor:14835,"Roger-Vasselin, Edouard",France,FRA,ROG
sr:competitor:52202,"Nys, Hugo",Monaco,MCO,NYS
sr:competitor:106349,"Reboul, Fabien",France,FRA,REB
sr:competitor:106559,"Doumbia, Sadio",France,FRA,DOU
sr:competitor:78793,"Miedler, Lucas",Austria,AUT,MIE
sr:competitor:16608,"Mektic, Nikola",Croatia,HRV,MEK
sr:competitor:25189,"Krajicek, Austin",USA,USA,KRA
sr:competitor:44553,"Herbert, Pierre-Hugues",France,FRA,HER
sr:competitor:70348,"Goransson, Andre",Sweden,SWE,GOR
sr:competitor:152900,"Rikl, Patrik",Czechia,CZE,RIK
sr:competitor:112969,"Schnaitter, Jakob",Germany,DEU,SCH
sr:competitor:936355,"Wallner, Mark",Germany,DEU,WAL
sr:competitor:127646,"Cabral, Francisco",Portugal,PRT,CAB
sr:competitor:74173,"Salisbury, Joe",Great Britain,GBR,SAL
sr:competitor:204781,"Nouza, Petr",Czechia,CZE,NOU
sr:competitor:59324,"Pavlasek, Adam",Czechia,CZE,PAV
sr:competitor:114831,"Erler, Alexander",Austria,AUT,ERL
sr:competitor:280601,"Oberleitner, Neil",Austria,AUT,OBE
sr:competitor:231188,"Frantzen, Constantin",Germany,DEU,FRA
sr:competitor:16042,"Haase, Robin",Netherlands,NLD,HAA
sr:competitor:112805,"Zielinski, Jan",Poland,POL,ZIE
sr:competitor:206889,"Galloway, Robert",USA,USA,GAL
sr:competitor:838776,"Tracy, James",USA,USA,TRA
sr:competitor:22967,"Bhambri, Yuki",India,IND,BHA
sr:competitor:23899,"King, Evan",USA,USA,KIN
sr:competitor:62410,"Johnson, Luke",Great Britain,GBR,JOH
sr:competitor:90798,"Halys, Quentin",France,FRA,HAL
sr:competitor:52951,"Pel, David",Netherlands,NLD,PEL
sr:competitor:52244,"Balaji, N. Sriram",India,IND,BAL
sr:competitor:66864,"Arends, Sander",Netherlands,NLD,ARE
sr:competitor:234124,"Stevens, Bart",Netherlands,NLD,STE
sr:competitor:234044,"Kirkov, Vasil",USA,USA,KIR
sr:competitor:16124,"Melo, Marcelo",Brazil,BRA,MEL
sr:competitor:230186,"Verbeek, Sem",Netherlands,NLD,VER
sr:competitor:81059,"Gille, Sander",Belgium,BEL,GIL
sr:competitor:15548,"Gonzalez, Maximo",Argentina,ARG,GON
sr:competitor:38181,"Molteni, Andres",Argentina,ARG,MOL
sr:competitor:16573,"Demoliner, Marcelo",Brazil,BRA,DEM
sr:competitor:393598,"Cash, Robert",USA,USA,CAS
sr:competitor:287215,"Seggerman, Ryan",USA,USA,SEG
sr:competitor:243522,"Paul, Jakub",Switzerland,CHE,PAU
sr:competitor:422955,"Sanchez, Luca",France,FRA,SAN
sr:competitor:1020797,"Trhac, Patrik",USA,USA,TRH
sr:competitor:1015089,"Winegar, Theodore",USA,USA,WIN
sr:competitor:180104,"Reymond, Arthur",France,FRA,REY
sr:competitor:16992,"Willis, Marcus",Great Britain,GBR,WIL
sr:competitor:15305,"Gonzalez, Santiago",Mexico,MEX,GON
sr:competitor:256001,"Ho, Ray",Chinese Taipei,TPE,RAY
sr:competitor:39726,"Kubler, Jason",Australia,AUS,KUB
sr:competitor:15588,"Rojer, Jean-Julien",Netherlands,NLD,ROJ
sr:competitor:56629,"Peers, John",Australia,AUS,PEE
sr:competitor:210736,"Lammons, Nathaniel",USA,USA,LAM
sr:competitor:14553,"Ram, Rajeev",USA,USA,RAM
sr:competitor:297448,"Kiger, Mac",USA,USA,KIG
sr:competitor:49306,"Reyes-Varela, Miguel Angel",Mexico,MEX,REY
sr:competitor:263865,"Reynolds, Finn",New Zealand,NZL,REY
sr:competitor:973963,"Watt, James",New Zealand,NZL,WAT
sr:competitor:17038,"Smith, John-Patrick",Australia,AUS,SMI
sr:competitor:296270,"Stevenson, David",Great Britain,GBR,STE
sr:competitor:163538,"Donski, Alexander",Bulgaria,BGR,DON
sr:competitor:41475,"Arneodo, Romain",Monaco,MCO,ARN
sr:competitor:614090,"Pieczonka, Filip",Poland,POL,PIE
sr:competitor:108755,"Jebens, Hendrik",Germany,DEU,JEB
sr:competitor:204495,"Vocel, Matej",Czechia,CZE,VOC
sr:competitor:55989,"Withrow, Jackson",USA,USA,WIT
sr:competitor:145936,"Kaliyanda Poonacha, Niki",India,IND,KAL
sr:competitor:209202,"Chandrasekar, Anirudh",India,IND,CHA
sr:competitor:405969,"Paulson, Andrew",Czechia,CZE,PAU
sr:competitor:113889,"Liutarevich, Ivan",Neutral,,LIU
sr:competitor:16198,"Escobar, Gonzalo",Ecuador,ECU,ESC
sr:competitor:272245,"Latinovic, Stefan",Serbia,SRB,LAT
sr:competitor:45105,"Behar, Ariel",Uruguay,URY,BEH
sr:competitor:121032,"Stalder, Reese",USA,USA,STA
sr:competitor:90110,"Serdarusic, Nino",Croatia,HRV,SER
sr:competitor:188321,"Kovacevic, Aleksandar",USA,USA,KOV
sr:competitor:628034,"Kittay, Benjamin",USA,USA,KIT
sr:competitor:48646,"Barrientos, Nicolas",Colombia,COL,BAR
sr:competitor:95923,"Paris, Joshua",Great Britain,GBR,PAR
sr:competitor:52263,"Hidalgo, Diego",Ecuador,ECU,HID
sr:competitor:99377,"Kestelboim, Mariano",Argentina,ARG,KES
sr:competitor:145008,"Uesugi, Kaito",Japan,JPN,UES
sr:competitor:16823,"Romboli, Fernando",Brazil,BRA,ROM
sr:competitor:240880,"Hilderbrand, Trey",USA,USA,HIL
sr:competitor:863319,"Fonseca, Joao",Brazil,BRA,FON
sr:competitor:16151,"Venus, Michael",New Zealand,NZL,VEN
sr:competitor:59700,"Isaro, Pruchya",Thailand,THA,ISA
sr:competitor:169496,"Etcheverry, Tomas Martin",Argentina,ARG,ETC
sr:competitor:158912,"Vacherot, Valentin",Monaco,MCO,VAC
sr:competitor:548169,"Yuzuki, Takeru",Japan,JPN,YUZ
sr:competitor:57163,"Zverev, Alexander",Germany,DEU,ZVE
sr:competitor:42151,"Nam, Ji Sung",Republic of Korea,KOR,NAM
sr:competitor:63606,"Rinderknech, Arthur",France,FRA,RIN
sr:competitor:71280,"Kokkinakis, Thanasi",Australia,AUS,KOK
sr:competitor:310972,"Banthia, Siddhant",India,IND,BAN
sr:competitor:25021,"Cervantes, Inigo",Spain,ESP,CER
sr:competitor:223868,"Matuszewski, Piotr",Poland,POL,MAT
sr:competitor:295508,"Vrbensky, Michael",Czechia,CZE,VRB
sr:competitor:437794,"Heinonen, Adam",Sweden,SWE,HEI
sr:competitor:322801,"Kalender, Admir",Croatia,HRV,KAL
sr:competitor:77011,"Martos Gornes, Sergio",Spain,ESP,MAR
sr:competitor:505542,"Grevelius, Erik",Sweden,SWE,GRE
sr:competitor:880089,"Pereira, Tiago",Portugal,PRT,PER
sr:competitor:808628,"Shelton, Ben",USA,USA,SHE
sr:competitor:60614,"Poljak, David",Czechia,CZE,POL
sr:competitor:92845,"Goldhoff, George",USA,USA,GOL
sr:competitor:98981,"Jecan, Alexandru",Romania,ROU,JEC
sr:competitor:871495,"Michelsen, Alex",USA,USA,MIC
sr:competitor:76361,"Kadhe, Arjun",India,IND,KAD
sr:competitor:37637,"Zeballos, Federico",Bolivia,BOL,ZEB
sr:competitor:16854,"Molchanov, Denys",Ukraine,UKR,MOL
sr:competitor:297502,"Bayldon, Blake",Australia,AUS,BAY
sr:competitor:161220,"Pavel, Bogdan",Romania,ROU,PAV
sr:competitor:292414,"Winter Lopez, Benjamin",Spain,ESP,WIN
sr:competitor:124708,"Cukierman, Daniel",Israel,ISR,CUK
sr:competitor:126622,"Ruehl, Tim",Germany,DEU,RUE
sr:competitor:98413,"Drzewiecki, Karol",Poland,POL,DRZ
sr:competitor:739643,"Loof, Thijmen",Netherlands,NLD,LOO
sr:competitor:106755,"Rublev, Andrey",Neutral,,RUB
sr:competitor:122368,"Griekspoor, Tallon",Netherlands,NLD,GRI
sr:competitor:90080,"Khachanov, Karen",Neutral,,KHA
sr:competitor:255595,"Cerundolo, Francisco",Argentina,ARG,CER
sr:competitor:73572,"Zormann, Marcelo",Brazil,BRA,ZOR
sr:competitor:628226,"Jans, Jarno",Netherlands,NLD,JAN
sr:competitor:450383,"Harper, Cleeve",Canada,CAN,HAR
sr:competitor:210592,"Ribeiro, Eduardo",Brazil,BRA,RIB
sr:competitor:390480,"Watanabe, Seita",Japan,JPN,WAT
sr:competitor:112061,"Walkow, Szymon",Poland,POL,WAL
sr:competitor:628218,"Karol, Milos",Slovakia,SVK,KAR
sr:competitor:79223,"Delaney, Jake",Australia,AUS,DEL
sr:competitor:113221,"Niklas-Salminen, Patrik",Finland,FIN,NIK
sr:competitor:534043,"Darderi, Luciano",Italy,ITA,DAR
sr:competitor:233144,"Duda, Filip",Czechia,CZE,DUD
sr:competitor:809324,"Pacheco Mendez, Rodrigo",Mexico,MEX,PAC
sr:competitor:111607,"Ingildsen, Johannes",Denmark,DNK,ING
sr:competitor:497320,"Visker, Niels",Netherlands,NLD,VIS
sr:competitor:54609,"Arias, Boris",Bolivia,BOL,ARI
sr:competitor:380004,"Harper, Patrick",Australia,AUS,HAR
sr:competitor:147104,"Romios, Matthew Christopher",Australia,AUS,ROM
sr:competitor:157396,"Veldheer, Mick",Netherlands,NLD,VEL
sr:competitor:38180,"Mena, Facundo",Argentina,ARG,MEN
sr:competitor:161448,"Jones, Ben",Great Britain,GBR,JON
sr:competitor:50148,"Puttergill, Calum",Australia,AUS,PUT
sr:competitor:731833,"Kielan, Szymon",Poland,POL,KIE
sr:competitor:210636,"Poling, Karl",USA,USA,POL
sr:competitor:130442,"Rai, Ajeet",New Zealand,NZL,RAI
sr:competitor:918463,"Bollipalli, Rithvik Choudary",India,IND,BOL
sr:competitor:853643,"Romano, Filippo",Italy,ITA,ROM
sr:competitor:52260,"Vega Hernandez, David",Spain,ESP,VEG
sr:competitor:77653,"Cornea, Victor Vlad",Romania,ROU,COR
sr:competitor:272273,"Mansilla Diez, Mario",Spain,ESP,MAN
sr:competitor:208123,"Maginley, Jody",Antigua and Barbuda,ATG,MAG
sr:competitor:660427,"Milavsky, Daniel",USA,USA,MIL
sr:competitor:25458,"Martinez, Luis David",Venezuela,VEN,MAR
sr:competitor:58877,"Ramanathan, Ramkumar",India,IND,RAM
sr:competitor:104917,"Vliegen, Joran",Belgium,BEL,VLI
sr:competitor:447733,"Hands, Tom",Great Britain,GBR,HAN
sr:competitor:686911,"Poljicak, Mili",Croatia,HRV,POL
sr:competitor:289021,"Charlton, Joshua",Australia,AUS,CHA
sr:competitor:252239,"Forti, Francesco",Italy,ITA,FOR
sr:competitor:193912,"Dev, S D Prajwal",India,IND,DEV
sr:competitor:309954,"Droguet, Titouan",France,FRA,DRO
sr:competitor:1128937,"Miguel, Luis Guto",Brazil,BRA,MIG
sr:competitor:202735,"Carou, Ignacio",Uruguay,URY,CAR
sr:competitor:299130,"Hijikata, Rinky",Australia,AUS,HIJ
sr:competitor:168420,"Andrade, Andres",Ecuador,ECU,AND
sr:competitor:645442,"Genov, Anthony",Bulgaria,BGR,GEN
sr:competitor:822192,"Poulsen, Oskar Brostrom",Denmark,DNK,POU
sr:competitor:182086,"Bass, Finn",Great Britain,GBR,BAS
sr:competitor:222628,"Ayeni, Alafia",USA,USA,AVE
sr:competitor:322589,"Pujol Navarro, Bruno",Spain,ESP,PUJ
sr:competitor:46259,"Neuchrist, Maximilian",Austria,AUT,NEU
sr:competitor:348308,"Sheehy, Joshua",USA,USA,SHE
sr:competitor:146040,"Gomez, Federico Agustin",Argentina,ARG,GOM
sr:competitor:588081,"Siniakov, Daniel",Czechia,CZE,SIN
sr:competitor:63446,"Jung, Jason",Chinese Taipei,TPE,JUN
sr:competitor:103625,"Geerts, Michael",Belgium,BEL,GEE
sr:competitor:127208,"Altmaier, Daniel",Germany,DEU,ALT
sr:competitor:95939,"Whitehouse, Mark",Great Britain,GBR,WHI
sr:competitor:395828,"Saraiva Dos Santos, Paulo Andre",Brazil,BRA,SAR
sr:competitor:77501,"Wehnelt, Kai",Germany,DEU,WEH
sr:competitor:84659,"Recek, Dominik",Czechia,CZE,REC
sr:competitor:53759,"Prashanth, Vijay Sundar",India,IND,NVS
sr:competitor:102339,"Van de Zandschulp, Botic",Netherlands,NLD,VAN
sr:competitor:170964,"Bittoun Kouzmine, Constantin",France,FRA,BIT
sr:competitor:393518,"Azkara, Arda",Turkiye,TUR,AZK
sr:competitor:102151,"Tabilo, Alejandro",Chile,CHL,TAB
sr:competitor:389078,"Lalami Laaroussi, Younes",Morocco,MAR,LAL
sr:competitor:443702,"Burruchaga, Roman Andres",Argentina,ARG,BUR
sr:competitor:407791,"Mackinlay, James",Great Britain,GBR,MAC
sr:competitor:305776,"Soto, Matias",Chile,CHL,SOT
sr:competitor:170976,"Ribero, Franco",Argentina,ARG,RIB
sr:competitor:1020369,"Oliveira, Bruno (2002)",Brazil,BRA,OLI
sr:competitor:359602,"Musetti, Lorenzo",Italy,ITA,MUS
sr:competitor:46391,"Struff, Jan-Lennard",Germany,DEU,STR
sr:competitor:369572,"Boulais, Justin",Canada,CAN,BOU
sr:competitor:96629,"Duncan, Scott",Great Britain,GBR,DUN
sr:competitor:395890,"Magadan, Alan",Mexico,MEX,MAG
sr:competitor:181384,"Sinha, Nitin Kumar",India,IND,SIN
sr:competitor:72420,"Merino, Alexander",Peru,PER,MER
sr:competitor:154740,"Delaney, Jesse",Australia,AUS,DEL
sr:competitor:119150,"Fancutt, Thomas",Australia,AUS,FAN
sr:competitor:82157,"Marcondes, Igor",Brazil,BRA,MAR
sr:competitor:371448,"Llamas Ruiz, Pablo",Spain,ESP,LLA
sr:competitor:53483,"Masur, Daniel",Germany,DEU,MAS
sr:competitor:1025093,"Bianchi, Juan Jose",Venezuela,VEN,BIA
sr:competitor:185434,"Rodriguez Taverna, Santiago",Argentina,ARG,ROD
sr:competitor:154490,"Pearson, Kody",Australia,AUS,PEA
sr:competitor:319353,"Barry, Charles",Ireland,IRL,BAR
sr:competitor:369630,"Strombachs, Robert",Latvia,LVA,STR
sr:competitor:44637,"Rodriguez, Cristian",Colombia,COL,ROC
sr:competitor:132558,"Kolar, Zdenek",Czechia,CZE,KOL
sr:competitor:761136,"Basel, Valentin",Argentina,ARG,BAS
sr:competitor:250231,"Shimizu, Yuta",Japan,JPN,SHI
sr:competitor:768772,"Bar Biryukov, Petr",Neutral,,BAR
sr:competitor:220590,"Huang, Tsung-Hao",Chinese Taipei,TPE,HUA
sr:competitor:94485,"Bonzi, Benjamin",France,FRA,BON
sr:competitor:382058,"Jacquet, Kyrian",France,FRA,JAC
sr:competitor:24009,"Betov, Sergey",Neutral,,BET
sr:competitor:219398,"Park, Uisung",Republic of Korea,KOR,PAR
sr:competitor:179294,"Opitz, Jannik",Germany,DEU,OPI
sr:competitor:100069,"Sachko, Vitaliy",Ukraine,UKR,SAC
sr:competitor:515510,"Heide, Gustavo",Brazil,BRA,HEI
sr:competitor:200873,"Forcano Aparicio, Ignasi",Spain,ESP,FOR
sr:competitor:163540,"Hermans, Mats",Netherlands,NLD,HER
sr:competitor:733153,"Cook, Ethan",Australia,AUS,COO
sr:competitor:300540,"Machac, Tomas",Czechia,CZE,MAC
sr:competitor:111609,"Barroso Campos, Alberto",Spain,ESP,BAR
sr:competitor:287541,"Sweeny, Dane",Australia,AUS,SWE
sr:competitor:938097,"Chan, Duncan",Canada,CAN,CHA
sr:competitor:49417,"Tu, Li",Australia,AUS,TUL
sr:competitor:1080832,"Fuchs, Zachary",USA,USA,FUC
sr:competitor:66086,"Kicker, Nicolas",Argentina,ARG,KIC
sr:competitor:378220,"Huertas Del Pino Cordova, Arklon",Peru,PER,HUE
sr:competitor:207777,"Imamura, Masamichi",Japan,JPN,IMA
sr:competitor:195458,"Added, Dan",France,FRA,ADD
sr:competitor:298118,"Summers, Matthew",Great Britain,GBR,SUM
sr:competitor:452787,"Kumar, Pranav",USA,USA,KUM
sr:competitor:84671,"Britto, Luis",Brazil,BRA,BRI
sr:competitor:175014,"Moutet, Corentin",France,FRA,MOU
sr:competitor:122366,"Tsitsipas, Stefanos",Greece,GRC,TSI
sr:competitor:254383,"Marozsan, Fabian",Hungary,HUN,MAR
sr:competitor:60920,"Nedunchezhiyan, Jeevan",India,IND,NED
sr:competitor:55745,"Negritu, Christoph",Germany,DEU,NEG
sr:competitor:418253,"Sach, Tai Leonard",Australia,AUS,SAT
sr:competitor:809322,"Shick, Braden",USA,USA,SHI
sr:competitor:55293,"Sabanov, Ivan",Serbia,SRB,SAB
sr:competitor:303862,"Johns, Garrett",USA,USA,JOH
sr:competitor:48225,"Dutra Da Silva, Daniel",Brazil,BRA,DUT
sr:competitor:376372,"Perez, Brandon",Venezuela,VEN,PER
sr:competitor:866247,"Ratti, Lucio",Argentina,ARG,RAT
sr:competitor:635386,"Popovic, Stefan",Serbia,SRB,POP
sr:competitor:58989,"Sabanov, Matej",Serbia,SRB,SAB
sr:competitor:342822,"Ichikawa, Taisei",Japan,JPN,ICH
sr:competitor:723013,"Pokorny, Lukas",Slovakia,SVK,POK
sr:competitor:69362,"Mansouri, Skander",Tunisia,TUN,MAN
sr:competitor:221556,"Alves, Mateus",Brazil,BRA,ALV
sr:competitor:104847,"Sonego, Lorenzo",Italy,ITA,SON
sr:competitor:47975,"Hanfmann, Yannick",Germany,DEU,HAN
sr:competitor:256875,"Tirante, Thiago Agustin",Argentina,ARG,TIR
sr:competitor:145112,"Huesler, Marc-Andrea",Switzerland,CHE,HUE
sr:competitor:125006,"Borges, Nuno",Portugal,PRT,BOR
sr:competitor:99043,"Wang, Aoran",China,CHN,WAN
sr:competitor:220588,"Hsu, Yu Hsiou",Chinese Taipei,TPE,HSU
sr:competitor:1196859,"Suarez, Billy",USA,USA,SUA
sr:competitor:283759,"Chidekh, Clement",France,FRA,CHI
sr:competitor:163438,"Sun, Fajing",China,CHN,SUN
sr:competitor:1034525,"Filin, Nikita Samuel",USA,USA,FIL
sr:competitor:433906,"Couto Loureiro, Joao Victor",Brazil,BRA,COU
sr:competitor:85877,"Villanueva, Gonzalo",Argentina,ARG,VIL
sr:competitor:564952,"Kusuhara, Yusuke",Japan,JPN,KUS
sr:competitor:116616,"Clarke, Jay",Great Britain,GBR,CLA
sr:competitor:216502,"Broom, Charles",Great Britain,GBR,BRO
sr:competitor:43761,"Collarini, Andrea",Argentina,ARG,COL
sr:competitor:318187,"Slavic, Nikola",Sweden,SWE,SLA
sr:competitor:124934,"Lomakin, Grigoriy",Kazakhstan,KAZ,LOM
sr:competitor:353548,"Hernandez, Alex",Mexico,MEX,HER
sr:competitor:64920,"Myneni, Saketh",India,IND,MYN
sr:competitor:301896,"Ovcharenko, Oleksandr",Ukraine,UKR,OVC
sr:competitor:682903,"Nakagawa, Shunsuke",Japan,JPN,NAK
sr:competitor:130494,"Neos, Eleftherios",Cyprus,CYP,NEO
sr:competitor:246745,"Tajima, Naoki",Japan,JPN,TAJ
sr:competitor:284835,"Smith, Keegan",USA,USA,SMI
sr:competitor:515498,"Rodrigues, Natan",Brazil,BRA,ROD
sr:competitor:171072,"Hsu, Jeffrey Chuan En",Chinese Taipei,TPE,HSU
sr:competitor:927343,"Cadenasso, Gianluca",Italy,ITA,CAD
sr:competitor:538457,"Chopra, Keshav",USA,USA,CHO
sr:competitor:407785,"Murgett, Finn",Great Britain,GBR,MUR
sr:competitor:78387,"Hach Verdugo, Hans",Mexico,MEX,HAC
sr:competitor:812360,"Sueoka, Yamato",Japan,JPN,SUE
sr:competitor:529399,"Papa, Christopher",USA,USA,PAP
sr:competitor:287543,"Hulme, Matt",Australia,AUS,HUL
sr:competitor:161868,"Huertas Del Pino, Connor",Peru,PER,HUE
sr:competitor:54975,"Casanova, Hernan",Argentina,ARG,CAS
sr:competitor:312436,"Hudd, Emile",Great Britain,GBR,HUD
sr:competitor:403285,"Zheng, Baoluo",China,CHN,ZHE
sr:competitor:722431,"Mikrut, Luka",Croatia,HRV,MIK
sr:competitor:763106,"Barton, Hynek",Czechia,CZE,BAR
sr:competitor:951223,"Sanchez Quilez, Alejo",Spain,ESP,SAN
sr:competitor:48055,"Hsieh, Cheng-Peng",Chinese Taipei,TPE,HSI
sr:competitor:965785,"Carpico, Brandon",USA,USA,CAR
sr:competitor:215778,"Izquierdo Luque, Rafael",Spain,ESP,IZQ
sr:competitor:431697,"Torres, Tiago",Portugal,PRT,TOR
sr:competitor:381022,"Wendelken, Harry",Great Britain,GBR,WEN
sr:competitor:840614,"Nagel, Arthur",France,FRA,NAG
sr:competitor:342826,"Trotter, James Kent",Japan,JPN,TRO
sr:competitor:215696,"Schell, Niklas",Germany,DEU,SCH
sr:competitor:81763,"Jacq, Gregoire",France,FRA,JAC
sr:competitor:312728,"Stewart, Hamish",Great Britain,GBR,STE
sr:competitor:873679,"Bondioli, Federico",Italy,ITA,BON
sr:competitor:273883,"Rocha, Francisco",Portugal,PRT,ROC
sr:competitor:155860,"Lock, Courtney John",Zimbabwe,ZWE,LOC
sr:competitor:312440,"Thomson, Connor",Great Britain,GBR,THO
sr:competitor:685379,"Ostapenkov, Daniil",Neutral,,OST
sr:competitor:202681,"Marrero Curbelo, Ivan",Spain,ESP,MAR
sr:competitor:637610,"Overbeck, Carl Emil",Denmark,DNK,OVE
sr:competitor:106395,"Ricca, Giorgio",Italy,ITA,RIC
sr:competitor:412829,"Matsuda, Ryuki",Japan,JPN,MAT
sr:competitor:494844,"Binda, Alexander",Italy,ITA,BIN
sr:competitor:229024,"Zahraj, Patrick",Germany,DEU,ZAH
sr:competitor:82133,"Dellien, Murkel",Bolivia,BOL,DEV
sr:competitor:268441,"Gadamauri, Buvaysar",Belgium,BEL,GAD
sr:competitor:908699,"Bilardo, Jacopo",Italy,ITA,BIL
sr:competitor:213234,"Ozdemir, S Mert",Turkiye,TUR,OZD
sr:competitor:180948,"Parizzia, Nicolas",Switzerland,CHE,PAR
sr:competitor:224024,"Alvarez Varona, Nicolas",Spain,ESP,ALV
sr:competitor:244388,"Kalyanpur, Adil",India,IND,KAL
sr:competitor:223874,"Gaston, Hugo",France,FRA,GAS
sr:competitor:675175,"McCabe, James",Australia,AUS,MCC
sr:competitor:163504,"Medvedev, Daniil",Neutral,,MED
sr:competitor:972327,"Jodar, Rafael",Spain,ESP,JOD
sr:competitor:187689,"Galarneau, Alexis",Canada,CAN,GAL
sr:competitor:505550,"Arnaldi, Matteo",Italy,ITA,ARN
sr:competitor:337601,"Bu, Yunchaokete",China,CHN,YUN
sr:competitor:339377,"Lehecka, Jiri",Czechia,CZE,LEH
sr:competitor:204117,"Ugo Carabelli, Camilo",Argentina,ARG,UGO
sr:competitor:399637,"Cobolli, Flavio",Italy,ITA,COB
sr:competitor:266711,"Pavlovic, Luka",France,FRA,PAV
sr:competitor:163480,"Bublik, Alexander",Kazakhstan,KAZ,BUB
sr:competitor:51100,"Roca Batalla, Oriol",Spain,ESP,ROC
sr:competitor:121668,"Meligeni Alves, Felipe",Brazil,BRA,MEL
sr:competitor:414501,"Houkes, Max",Netherlands,NLD,HOU
sr:competitor:240264,"Reis Da Silva, Joao Lucas",Brazil,BRA,REI
sr:competitor:515478,"Sakellaridis, Stefanos",Greece,GRC,SAK
sr:competitor:243478,"Vives Marcos, Pedro",Spain,ESP,VIV
sr:competitor:141882,"Blancaneaux, Geoffrey",France,FRA,BLA
sr:competitor:434058,"Boscardin Dias, Pedro",Brazil,BRA,BOS
sr:competitor:83263,"Santillan, Akira",Japan,JPN,SAN
sr:competitor:450343,"Hussey, Giles",Great Britain,GBR,HUS
sr:competitor:682913,"Rocha, Henrique",Portugal,PRT,ROC
sr:competitor:498580,"Aboian, Valerio",Argentina,ARG,ABO
sr:competitor:110707,"Pichler, David",Austria,AUT,PIC
sr:competitor:833418,"Del Pino, Mateo",Argentina,ARG,DEL
sr:competitor:217192,"Ouakaa, Aziz",Tunisia,TUN,OUA
sr:competitor:51345,"Damm Jr, Martin",USA,USA,DAM
sr:competitor:605854,"Maxted, Lui",Great Britain,GBR,MAX
sr:competitor:518742,"Westphal, Max",France,FRA,WES
sr:competitor:441576,"De la Fuente, Santiago",Argentina,ARG,DLF
sr:competitor:565070,"Monday, Johannus",Great Britain,GBR,MON
sr:competitor:580165,"Johansson, Oliver",Sweden,SWE,JOH
sr:competitor:135828,"Walters, Marcus",Great Britain,GBR,WAL
sr:competitor:228766,"Braynin, Aleksandr",Ukraine,UKR,BRA
sr:competitor:445313,"Sharma, Atharva",India,IND,SHA
sr:competitor:82579,"Uchida, Kaichi",Japan,JPN,UCH
sr:competitor:1011445,"Exsted, Maxwell",USA,USA,EXS
sr:competitor:312348,"Pankin, Semen",Neutral,,PAN
sr:competitor:297608,"Hazawa, Shinji",Japan,JPN,HAZ
sr:competitor:373348,"Pucinelli de Almeida, Matheus",Brazil,BRA,PDA
sr:competitor:679481,"Hopper, James",Great Britain,GBR,HOP
sr:competitor:668903,"Falck, Reece",New Zealand,NZL,FAL
sr:competitor:256393,"Kravchenko, Georgii",Ukraine,UKR,KRA
sr:competitor:212046,"de Jonge, Daniel",Netherlands,NLD,DE
sr:competitor:341188,"Justo, Guido Ivan",Argentina,ARG,JUS
sr:competitor:101157,"Rybakov, Alex",USA,USA,RYB
sr:competitor:278497,"Radovanovic, Tadija",Serbia,SRB,RAD
sr:competitor:48459,"Vervoort, Mark",Netherlands,NLD,VER
sr:competitor:833442,"Schiessl, Joao Eduardo",Brazil,BRA,SCH
sr:competitor:686709,"Simakin, Ilia",Neutral,,SIM
sr:competitor:906831,"Vithoontien, Leo",Japan,JPN,VIT
sr:competitor:233184,"Glinka, Daniil",Estonia,EST,GLI
sr:competitor:170946,"Bergs, Zizou",Belgium,BEL,BER
sr:competitor:197678,"Tsitsipas, Petros",Greece,GRC,TSI
sr:competitor:245343,"Zhu, Michael",USA,USA,ZHU
sr:competitor:978717,"Zeitune, Maximo",Argentina,ARG,ZEI
sr:competitor:403357,"Thayne, Wally",USA,USA,THA
sr:competitor:952887,"Aguilar Cardozo, Joaquin",Uruguay,URY,AGU
sr:competitor:114885,"Nikles, Johan",Switzerland,CHE,NIK
sr:competitor:609146,"Okonkwo, Oliver",Great Britain,GBR,OKO
sr:competitor:121248,"Roveri Sidney, Gabriel",Brazil,BRA,ROV
sr:competitor:63438,"McDonald, Mackenzie",USA,USA,MCD
sr:competitor:496346,"Stricker, Dominic",Switzerland,CHE,STR
sr:competitor:870927,"Alvarez Valdes, Luis Carlos",Mexico,MEX,ALVA
sr:competitor:16852,"Uzhylovskyi, Volodoymyr",Ukraine,UKR,UZV
sr:competitor:457167,"Becroft, Isaac",New Zealand,NZL,BEC
sr:competitor:530317,"Rincon, Daniel",Spain,ESP,RIN
sr:competitor:345060,"Kingsley, Cannon",USA,USA,KIN
sr:competitor:145108,"Bertola, Remy",Switzerland,CHE,BER
sr:competitor:925069,"Dalmasso, Guillaume",France,FRA,DAL
sr:competitor:138712,"Oradini, Giovanni",Italy,ITA,ORA
sr:competitor:604344,"Buse, Ignacio",Peru,PER,BUS
sr:competitor:77223,"Martinez, Pedro",Spain,ESP,MAR
sr:competitor:88992,"Muller, Alexandre",France,FRA,MUL
sr:competitor:96239,"Durasovic, Viktor",Norway,NOR,DUR
sr:competitor:230152,"Zeuch, Tom",Germany,DEU,ZEU
sr:competitor:518802,"Cigarran, Thiago",Argentina,ARG,CIG
sr:competitor:180446,"Wessels, Louis",Germany,DEU,WES
sr:competitor:100317,"Turker, Mert Naci",Turkiye,TUR,TUR
sr:competitor:145122,"Martineau, Matteo",France,FRA,MAR
sr:competitor:759758,"Sakellaridis, Dimitris",Greece,GRC,SAK
sr:competitor:25726,"Gomez, Juan Sebastian",Colombia,COL,GOM
sr:competitor:305558,"Roncadelli, Franco",Uruguay,URY,RON
sr:competitor:126402,"Denolly, Corentin",France,FRA,DEN
sr:competitor:644676,"Milev, Yanaki",Bulgaria,BGR,MIL
sr:competitor:652290,"Ambrogi, Luciano Emanuel",Argentina,ARG,AMB
sr:competitor:1111195,"Remondy Pagotto, Victor Hugo",Brazil,BRA,REM
sr:competitor:534031,"Mitsui, Shunsuke",Japan,JPN,MIT
sr:competitor:299818,"Henning, Philip",South Africa,ZAF,HEN
sr:competitor:337607,"Yang, Zijiang",China,CHN,YAN
sr:competitor:812862,"Homberg, Maximilian",Germany,DEU,HOM
sr:competitor:251091,"Noguchi, Rio",Japan,JPN,NOG
sr:competitor:902257,"Derepasko, Timofei",Neutral,,DER
sr:competitor:341218,"Colson, Tibo",Belgium,BEL,COL
sr:competitor:603420,"Martin, Andres",USA,USA,MAR
sr:competitor:211992,"Alkaya, Mert",Turkiye,TUR,ALK
sr:competitor:540211,"Burdet, Adrien",Switzerland,CHE,BUR
sr:competitor:978579,"Ghazouani Durand, Yanis",France,FRA,GHA
sr:competitor:439480,"Pecak, Stepan",Czechia,CZE,PEC
sr:competitor:373852,"Zink, Tyler",USA,USA,ZIN
sr:competitor:79227,"Sinclair, Colin",Northern Mariana Islands,MNP,SIN
sr:competitor:342976,"Jones, Alex",USA,USA,JON
sr:competitor:342978,"Jones, Miles",USA,USA,JON
sr:competitor:904033,"Kumstat, Jan",Czechia,CZE,KUM
sr:competitor:1144655,"Dean, Theodore",USA,USA,DEA
sr:competitor:458575,"Agostini, Simone",Italy,ITA,AGO
sr:competitor:682911,"Faria, Jaime",Portugal,PRT,FAR
sr:competitor:310974,"De Jong, Jesper",Netherlands,NLD,DEJ
sr:competitor:263917,"Draxl, Liam",Canada,CAN,DRA
sr:competitor:405977,"Schoolkate, Tristan",Australia,AUS,SCH
sr:competitor:412813,"Martinez, Alex",Spain,ESP,MAR
sr:competitor:508496,"Wiskandt, Max",Germany,DEU,WIS
sr:competitor:18066,"Basic, Mirza",Bosnia & Herzegovina,BIH,BAS
sr:competitor:307112,"Erel, Yanki",Turkiye,TUR,ERE
sr:competitor:785974,"La Serna, Juan Manuel",Argentina,ARG,LA
sr:competitor:262865,"Shiraishi, Hikaru",Japan,JPN,SHI
sr:competitor:177658,"Beauge, Maxence",France,FRA,BEA
sr:competitor:65576,"Sakamoto, Pedro",Brazil,BRA,SAK
sr:competitor:844730,"Estevez, Juan",Argentina,ARG,EST
sr:competitor:283451,"Rodriguez, Lorenzo Joaquin",Argentina,ARG,ROD
sr:competitor:627274,"Pel, Stijn",Netherlands,NLD,PEL
sr:competitor:92667,"Castelnuovo, Luca",Switzerland,CHE,CAS
sr:competitor:163492,"Tamm, Kristjan",Estonia,EST,TAM
sr:competitor:353298,"van der Meerschen, Martin",Belgium,BEL,VAN
sr:competitor:1047289,"Sciahbasi, Matteo",Italy,ITA,SCI
sr:competitor:1036507,"Covato, Matteo",Italy,ITA,COV
sr:competitor:120956,"Alcantara, Francis Casey",Philippines,PHL,ALC
sr:competitor:938667,"Schwaerzler, Joel",Austria,AUT,SCH
sr:competitor:258735,"Cerundolo, Juan Manuel",Argentina,ARG,CER
sr:competitor:117866,"Mukund, Sasikumar",India,IND,MUK
sr:competitor:908687,"Martin Manzano, Juan Cruz",Italy,ITA,MAR
sr:competitor:844726,"Bozemoj, Brian",Netherlands,NLD,BOZ
sr:competitor:1028265,"Colombo, Andrea",Italy,ITA,COL
sr:competitor:739687,"van Sambeek, Fons",Netherlands,NLD,VAN
sr:competitor:645452,"Nesterov, Pyotr",Bulgaria,BGR,NES
sr:competitor:855911,"Hrazdil, Jan",Czechia,CZE,HRA
sr:competitor:622876,"Vallejo, Adolfo Daniel",Paraguay,PRY,VAL
sr:competitor:93597,"Pellegrino, Andrea",Italy,ITA,PEL
sr:competitor:780650,"Duran, Tuncay",Turkiye,TUR,DUR
sr:competitor:457059,"Montes-de la Torre, Inaki",Spain,ESP,MON
sr:competitor:255601,"Tenti, Fermin",Argentina,ARG,TEN
sr:competitor:47764,"Broady, Liam",Great Britain,GBR,BRO
sr:competitor:934155,"Forger, Abel",Netherlands,NLD,FOR
sr:competitor:920395,"Shah, Aryan",India,IND,SHA
sr:competitor:390486,"Farjat, Tomas",Argentina,ARG,FAR
sr:competitor:1042053,"Haita, Stefan Horia",Romania,ROU,HAI
sr:competitor:861535,"Valle, Federico",Italy,ITA,VAL
sr:competitor:203681,"Korda, Sebastian",USA,USA,KOR
sr:competitor:294300,"Nakashima, Brandon",USA,USA,NAK
sr:competitor:375550,"Zakaria, Faris",Egypt,EGY,ZAK
sr:competitor:649038,"Dickerson, Ryan",USA,USA,DIC
sr:competitor:935773,"Cho, Seung Woo",Republic of Korea,KOR,CHO
sr:competitor:72376,"Siniakova, Katerina",Czechia,CZE,SIN
sr:competitor:51387,"Townsend, Taylor",USA,USA,TOW
sr:competitor:96075,"Stefani, Luisa",Brazil,BRA,STE
sr:competitor:41524,"Krunic, Aleksandra",Serbia,SRB,KA
sr:competitor:43860,"Dabrowski, Gabriela",Canada,CAN,DAB
sr:competitor:69718,"Danilina, Anna",Kazakhstan,KAZ,DAN
sr:competitor:19607,"Zhang, Shuai",China,CHN,ZHA
sr:competitor:78551,"Mertens, Elise",Belgium,BEL,MER
sr:competitor:46084,"Melichar-Martinez, Nicole",USA,USA,MEL
sr:competitor:18936,"Hsieh, Su-Wei",Chinese Taipei,TPE,HSI
sr:competitor:33593,"Mladenovic, Kristina",France,FRA,MLA
sr:competitor:64496,"Ostapenko, Jelena",Latvia,LVA,OST
sr:competitor:19202,"Errani, Sara",Italy,ITA,ERR
sr:competitor:99131,"Bucsa, Cristina",Spain,ESP,BUC
sr:competitor:18298,"Zvonareva, Vera",Neutral,,ZVO
sr:competitor:153652,"Guo, Hanyu",China,CHN,GUO
sr:competitor:45835,"Hunter, Storm",Australia,AUS,HUN
sr:competitor:37508,"Siegemund, Laura",Germany,DEU,SIE
sr:competitor:119670,"Perez, Ellen",Australia,AUS,PER
sr:competitor:208125,"Liang, En-Shuo",Chinese Taipei,TPE,LIA
sr:competitor:150122,"Jiang, Xinyu",China,CHN,JIA
sr:competitor:43547,"Aoyama, Shuko",Japan,JPN,AOY
sr:competitor:588071,"Shnaider, Diana",Neutral,,SHN
sr:competitor:50537,"Schuurs, Demi",Netherlands,NLD,SCH
sr:competitor:69208,"Paolini, Jasmine",Italy,ITA,PAO
sr:competitor:129714,"Nicholls, Olivia",Great Britain,GBR,NIC
sr:competitor:142996,"Mihalikova, Tereza",Slovakia,SVK,MIH
sr:competitor:51481,"Sutjiadi, Aldila",Indonesia,IDN,SUT
sr:competitor:19974,"Xu, Yifan",China,CHN,YIF
sr:competitor:776340,"Joint, Maya",Australia,AUS,JOI
sr:competitor:74949,"Routliffe, Erin",New Zealand,NZL,ROU
sr:competitor:64021,"Krawczyk, Desirae",USA,USA,KRA
sr:competitor:157672,"Stollar, Fanny",Hungary,HUN,STO
sr:competitor:108621,"Kempen, Magali",Belgium,BEL,KEM
sr:competitor:73542,"Gleason, Quinn",USA,USA,GLE
sr:competitor:66432,"Kato, Miyu (1994)",Japan,JPN,KAT
sr:competitor:401055,"Noskova, Linda",Czechia,CZE,NOS
sr:competitor:69602,"Lumsden, Maia",Great Britain,GBR,LUM
sr:competitor:105463,"Bouzkova, Marie",Czechia,CZE,BOU
sr:competitor:47801,"Eikeri, Ulrikke",Norway,NOR,EIK
sr:competitor:460837,"Tjen, Janice",Indonesia,IDN,TJE
sr:competitor:166124,"Olmos, Giuliana",Mexico,MEX,OLM
sr:competitor:48625,"Chan, Hao-Ching",Chinese Taipei,TPE,CHA
sr:competitor:871583,"Andreeva, Mirra",Neutral,,AND
sr:competitor:43102,"Babos, Timea",Hungary,HUN,BAB
sr:competitor:242602,"McNally, Caty",USA,USA,MCC
sr:competitor:24431,"Panova, Alexandra",Neutral,,PAN
sr:competitor:128584,"Samsonova, Liudmila",Neutral,,SAM
sr:competitor:19731,"Piter, Katarzyna",Poland,POL,PIT
sr:competitor:19932,"Muhammad, Asia",USA,USA,MUH
sr:competitor:235252,"Kozyreva, Maria",Neutral,,KOZ
sr:competitor:41520,"Kichenok, Lyudmyla",Ukraine,UKR,KIC
sr:competitor:46428,"Maleckova, Jesika",Czechia,CZE,MAL
sr:competitor:182054,"Skoch, Miriam",Czechia,CZE,SKO
sr:competitor:67759,"Alexandrova, Ekaterina",Neutral,,ALE
sr:competitor:47810,"Khromacheva, Irina",Neutral,,KHR
sr:competitor:18965,"Klepac, Andreja",Slovenia,SVN,KLE
sr:competitor:87090,"Chong, Eudice","Hong Kong, China",HKG,CHO
sr:competitor:194106,"Tang, Qianhui",China,CHN,TAN
sr:competitor:182178,"Wu, Fang-Hsien",Chinese Taipei,TPE,FAN
sr:competitor:173748,"Detiuc, Anastasia",Czechia,CZE,DET
sr:competitor:135854,"Neel, Ingrid",Estonia,EST,NEE
sr:competitor:70784,"Hozumi, Eri",Japan,JPN,HOZ
sr:competitor:499484,"Montgomery, Robin",USA,USA,MON
sr:competitor:66968,"Kudermetova, Veronika",Neutral,,KUD
sr:competitor:60668,"Ninomiya, Makoto",Japan,JPN,NIN
sr:competitor:549759,"Krueger, Ashlyn",USA,USA,KRU
sr:competitor:215476,"Siskova, Anna",Czechia,CZE,SIS
sr:competitor:91960,"Kenin, Sofia",USA,USA,KEN
sr:competitor:914135,"Jovic, Iva",USA,USA,JOV
sr:competitor:799304,"Pridankina, Elena",Neutral,,PRI
sr:competitor:92877,"Fossa Huergo, Nicole",Argentina,ARG,FOS
sr:competitor:385206,"Radisic, Nika",Slovenia,SVN,RAD
sr:competitor:418583,"Haverlag, Isabelle",Netherlands,NLD,HAV
sr:competitor:45915,"Yang, Zhaoxuan",China,CHN,YAN
sr:competitor:138452,"Shibahara, Ena",Japan,JPN,SHI
sr:competitor:272217,"Wang, Xinyu",China,CHN,WAN
sr:competitor:303814,"Tikhonova, Anastasia",Neutral,,TIK
sr:competitor:289507,"Fernandez, Leylah",Canada,CAN,FER
sr:competitor:53789,"Dart, Harriet",Great Britain,GBR,DAR
sr:competitor:183957,"Kobori, Momoko",Japan,JPN,KOB
sr:competitor:49682,"Kichenok, Nadiia",Ukraine,UKR,KIC
sr:competitor:92879,"Shymanovich, Iryna",Neutral,,SHY
sr:competitor:52533,"Jakupovic, Dalila",Slovenia,SVN,JAK
sr:competitor:44834,"Pegula, Jessica",USA,USA,PEG
sr:competitor:448121,"Rogers, Anna",USA,USA,ROG
sr:competitor:51943,"Strakhova, Valeriya",Ukraine,UKR,STR
sr:competitor:93657,"Karamoko, Naima",Switzerland,CHE,KAR
sr:competitor:64085,"Pigossi, Laura",Brazil,BRA,PIG
sr:competitor:50915,"Plipuech, Peangtarn",Thailand,THA,PLI
sr:competitor:103901,"Ruse, Elena-Gabriela",Romania,ROU,RUS
sr:competitor:156040,"Cho, I-Hsuan",Chinese Taipei,TPE,CHO
sr:competitor:210670,"Cho, Yi Tsen",Chinese Taipei,TPE,CHO
sr:competitor:48451,"Cavalle-Reimers, Yvonne",Spain,ESP,CAV
sr:competitor:67430,"Cascino, Estelle",France,FRA,CAS
sr:competitor:534045,"Gibson, Talia",Australia,AUS,GIB
sr:competitor:44977,"Santamaria, Sabrina",USA,USA,SAN
sr:competitor:245673,"Feng, Shuo",China,CHN,FEN
sr:competitor:143146,"Smith, Alana",USA,USA,SMI
sr:competitor:329535,"Tauson, Clara",Denmark,DNK,TAU
sr:competitor:215806,"Hewitt, Dalayna",USA,USA,HEW
sr:competitor:252223,"Rakhimova, Kamilla",Uzbekistan,UZB,RAK
sr:competitor:662257,"Havlickova, Lucie",Czechia,CZE,HAV
sr:competitor:722877,"Ciric-Bagaric, Lucija",Croatia,HRV,CIR
sr:competitor:189384,"Kulambayeva, Zhibek",Kazakhstan,KAZ,KUL
sr:competitor:60392,"Sorribes Tormo, Sara",Spain,ESP,SOR
sr:competitor:48486,"Gorgodze, Ekaterine",Georgia,GEO,GOR
sr:competitor:161270,"Salden, Lara",Belgium,BEL,SAL
sr:competitor:129534,"Hruncakova, Viktoria",Slovakia,SVK,HRU
sr:competitor:506786,"Zamarripa, Allura",USA,USA,ZAM
sr:competitor:102637,"McAdoo, Rasheeda",USA,USA,MCA
sr:competitor:453301,"Jorge, Matilde",Portugal,PRT,JOR
sr:competitor:203893,"Kucmova, Aneta",Czechia,CZE,KUC
sr:competitor:72758,"Cristian, Jaqueline",Romania,ROU,CRI
sr:competitor:49118,"Harrison, Catherine",USA,USA,HAR
sr:competitor:813176,"Mboko, Victoria",Canada,CAN,MBO
sr:competitor:70728,"Bhosale, Rutuja",India,IND,BHO
sr:competitor:345134,"Lee, Ya-Hsin",Chinese Taipei,TPE,LEE
sr:competitor:223862,"Laboutkova, Aneta",Czechia,CZE,LAB
sr:competitor:325837,"Sakellaridi, Sapfo",Greece,GRC,SAK
sr:competitor:105099,"Birrell, Kimberly",Australia,AUS,BIR
sr:competitor:52695,"Moratelli, Angelica",Italy,ITA,MOR
sr:competitor:628178,"Brooks, Madeleine",Great Britain,GBR,BRO
sr:competitor:250285,"Falkowska, Weronika",Poland,POL,FAL
sr:competitor:627278,"Eala, Alexandra",Philippines,PHL,EAL
sr:competitor:19728,"Cirstea, Sorana",Romania,ROU,CIR
sr:competitor:233266,"Ovcharenko, Ekaterina",Neutral,,OVC
sr:competitor:195408,"Shimizu, Ayano",Japan,JPN,SHI
sr:competitor:473609,"Kubka, Martyna",Poland,POL,KUB
sr:competitor:119216,"Herrero Linana, Alicia",Spain,ESP,HER
sr:competitor:98733,"Burillo Escorihuela, Irene",Spain,ESP,BUR
sr:competitor:360038,"Stearns, Peyton",USA,USA,STE
sr:competitor:69988,"Korpatsch, Tamara",Germany,DEU,KOR
sr:competitor:123824,"Dolehide, Caroline",USA,USA,DOL
sr:competitor:98523,"Ye, Qiu Yu",China,CHN,QIU
sr:competitor:80427,"Osborne, Alexandra",Australia,AUS,OSB
sr:competitor:517274,"Rajecki, Amelia",Great Britain,GBR,RAJ
sr:competitor:662615,"Salkova, Dominika",Czechia,CZE,SAL
sr:competitor:88494,"Christie, Freya",Great Britain,GBR,CHR
sr:competitor:90664,"Kalinina, Anhelina",Ukraine,UKR,KAL
sr:competitor:882091,"Valdmannova, Vendula",Czechia,CZE,VAL
sr:competitor:71754,"Martins, Ingrid",Brazil,BRA,MAR
sr:competitor:870981,"Li, Yu-Yun",Chinese Taipei,TPE,YU-
sr:competitor:226306,"Corley, Ivana",USA,USA,COR
sr:competitor:150574,"Bondar, Anna",Hungary,HUN,BON
sr:competitor:373352,"Gauff, Coco",USA,USA,GAU
sr:competitor:805538,"Cross, Kayla",Canada,CAN,CRO
sr:competitor:246945,"Da Silva Fick, Gabriella",Australia,AUS,DA
sr:competitor:290994,"Wong, Hong Yi Cody","Hong Kong, China",HKG,WON
sr:competitor:299310,"Sonmez, Zeynep",Turkiye,TUR,SON
sr:competitor:369524,"Erjavec, Veronika",Slovenia,SVN,ERJ
sr:competitor:59762,"Barnett, Alicia",Great Britain,GBR,BAR
sr:competitor:278943,"Lansere, Sofya",Neutral,,LAN
sr:competitor:378340,"Corley, Carmen",USA,USA,COR
sr:competitor:52183,"Bara, Irina Maria",Romania,ROU,BARA
sr:competitor:20158,"Webley-Smith, Emily",Great Britain,GBR,WEB
sr:competitor:1022815,"Akli, Ayana",USA,USA,AKL
sr:competitor:46625,"Raina, Ankita",India,IND,RAI
sr:competitor:64315,"Kuwata, Hiroko",Japan,JPN,KUW
sr:competitor:448123,"Broadus, Savannah",USA,USA,BRO
sr:competitor:278887,"Kostyuk, Marta",Ukraine,UKR,KOS
sr:competitor:87834,"Hon, Priscilla",Australia,AUS,HON
sr:competitor:731427,"Micic, Elena",Australia,AUS,MIC
sr:competitor:152106,"Zaar, Lisa",Sweden,SWE,ZAA
sr:competitor:222546,"Kuzmova, Katarina",Slovakia,SVK,KUZ
sr:competitor:85077,"Muchova, Karolina",Czechia,CZE,MUC
sr:competitor:42289,"Linette, Magda",Poland,POL,LIN
sr:competitor:142758,"Zhang, Ying",China,CHN,ZHA
sr:competitor:19520,"Maria, Tatjana",Germany,DEU,MAR
sr:competitor:230108,"McGiffin, Tenika",Australia,AUS,MCG
sr:competitor:71034,"Sramkova, Rebecca",Slovakia,SVK,SRA
sr:competitor:261583,"Li, Ann",USA,USA,ANN
sr:competitor:168526,"Appleton, Emily",Great Britain,GBR,APP
sr:competitor:431743,"Okutoyi, Angella",Kenya,KEN,OKU
sr:competitor:1020123,"Kovackova, Alena",Czechia,CZE,KOV
sr:competitor:435794,"Zolotareva, Anastasia",Neutral,,ZOL
sr:competitor:53288,"Silva, Eden",Great Britain,GBR,SIL
sr:competitor:382796,"Collins, Kylie",USA,USA,COL
sr:competitor:210558,"Jorge, Francisca",Portugal,PRT,JOR
sr:competitor:254553,"Nagy, Adrienn",Hungary,HUN,NAG
sr:competitor:134532,"You, Xiaodi",China,CHN,YOU
sr:competitor:345070,"Arseneault, Ariana",Canada,CAN,ARS
sr:competitor:105063,"Gavrila, Oana",Romania,ROU,GAV
sr:competitor:880229,"Cayetano, Eryn",USA,USA,CAY
sr:competitor:604242,"Dang, Yiming",China,CHN,DAN
sr:competitor:226092,"Shimizu, Eri",Japan,JPN,SHI
sr:competitor:45827,"Lechemia, Elixane",France,FRA,LEC
sr:competitor:842594,"Li, Zongyu",China,CHN,ZON
sr:competitor:208105,"Arango, Emiliana",Colombia,COL,ARA
sr:competitor:1115539,"Panshina, Varvara",Neutral,,PAN
sr:competitor:936009,"van Emst, Sarah",Netherlands,NLD,VAN
sr:competitor:225130,"Starodubtseva, Yuliia",Ukraine,UKR,STA
sr:competitor:148276,"Zheng, Wushuang",China,CHN,ZHE
sr:competitor:568715,"Semenistaja, Darja",Latvia,LVA,SEM
sr:competitor:141892,"Carle, Maria",Argentina,ARG,CAR
sr:competitor:264863,"Novak, Kristina",Slovenia,SVN,NOV
sr:competitor:728507,"Dudeney, Alicia",Great Britain,GBR,DUD
sr:competitor:213144,"Lemaitre, Tiphanie",France,FRA,LEM
sr:competitor:387110,"Lacasse, Raphaelle",Canada,CAN,LAC
sr:competitor:353358,"Tran, Lian",Netherlands,NLD,TRA
sr:competitor:421379,"Rencheli, Abigail",USA,USA,REN
sr:competitor:63220,"Ponchet, Jessika",France,FRA,PON
sr:competitor:812476,"Zaytseva, Ksenia",Neutral,,ZAY
sr:competitor:1222991,"Kovackova, Jana",Czechia,CZE,KOV
sr:competitor:807358,"Rakotomanga Rajaonah, Tiantsoa Sarah",France,FRA,RAK
sr:competitor:18251,"Williams, Venus",USA,USA,WIL
sr:competitor:217912,"Andreescu, Bianca",Canada,CAN,AND
sr:competitor:66516,"Ayukawa, Mana",Japan,JPN,AYU
sr:competitor:256447,"Monnet, Carole",France,FRA,MON
sr:competitor:192108,"Yastremska, Dayana",Ukraine,UKR,YAS
sr:competitor:319455,"Baptiste, Hailey",USA,USA,BAP
sr:competitor:473937,"Reasco Gonzalez, Mell Elizabeth",Ecuador,ECU,REA
sr:competitor:235260,"Chwalinska, Maja",Poland,POL,CHW
sr:competitor:731441,"Vargova, Nina",Slovakia,SVK,VAR
sr:competitor:378144,"Karatancheva, Lia",Bulgaria,BGR,KAR
sr:competitor:890199,"Dencheva, Rositsa",Bulgaria,BGR,DEN
sr:competitor:494296,"Steur, Joelle Lilly Sophie",Germany,DEU,STE
sr:competitor:227486,"Zantedeschi, Aurora",Italy,ITA,ZAN
sr:competitor:282597,"Park, Sohyun",Republic of Korea,KOR,PAR
sr:competitor:340365,"Milovanovic, Elena",Serbia,SRB,MIL
sr:competitor:728549,"Valentova, Tereza",Czechia,CZE,VAL
sr:competitor:225468,"Vagramov, Alexandra",Canada,CAN,VAG
sr:competitor:70822,"Morisaki, Kanako",Japan,JPN,MOR
sr:competitor:111189,"Zarazua, Renata",Mexico,MEX,ZAR
sr:competitor:233478,"Bayerlova, Michaela",Czechia,CZE,BAY
sr:competitor:870983,"Saito, Sara",Japan,JPN,SAI
sr:competitor:380368,"Sebestova, Ivana",Czechia,CZE,SEB
sr:competitor:904005,"Ibragimova, Alevtina",Neutral,,IBR
sr:competitor:750329,"Candiotto, Ana",Brazil,BRA,CAN
sr:competitor:1017327,"Samson, Laura",Czechia,CZE,SAM
sr:competitor:47697,"Zheng, Saisai",China,CHN,ZHE
sr:competitor:459317,"Nugroho, Priska Madelyn",Indonesia,IDN,NUG
sr:competitor:60398,"Krejcikova, Barbora",Czechia,CZE,KRE
sr:competitor:341196,"Back, Dayeon",Republic of Korea,KOR,BAC
sr:competitor:286435,"Gadecki, Olivia",Australia,AUS,GAD
sr:competitor:420819,"Shaikh, Hibah",USA,USA,SHA
sr:competitor:406199,"Jacquemot, Elsa",France,FRA,JAC
sr:competitor:1008651,"Adams, Julia",USA,USA,ADA
sr:competitor:122668,"Daniel, Jaeda",USA,USA,DAN
sr:competitor:71250,"Frech, Magdalena",Poland,POL,FRE
sr:competitor:245295,"Waltert, Simona",Switzerland,CHE,WAL
sr:competitor:209418,"Hoedt, Merel",France,FRA,HOE
sr:competitor:257691,"Hennemann, Caijsa Wilda",Sweden,SWE,HEN
sr:competitor:378226,"Crawley, Fiona",USA,USA,CRA
sr:competitor:745799,"Urgesi, Federica",Italy,ITA,URG
sr:competitor:624838,"Shi, Han",China,CHN,SHI
sr:competitor:476218,"Kawaguchi, Natsumi",Japan,JPN,KAW
sr:competitor:217036,"Malygina, Elena",Estonia,EST,MAL
sr:competitor:61526,"Thombare, Prarthana",India,IND,THO
sr:competitor:679319,"Stoiana, Mary",USA,USA,STO
sr:competitor:567285,"Hietaranta, Laura",Finland,FIN,HIE
sr:competitor:1027515,"Du Pree, Britt",Netherlands,NLD,DU
sr:competitor:315663,"Barry, Monique",New Zealand,NZL,BAR
sr:competitor:750327,"Iatcenko, Polina",Neutral,,IAT
sr:competitor:315609,"Kraus, Sinja",Austria,AUT,KRA
sr:competitor:445421,"Selekhmeteva, Oksana",Neutral,,SEL
sr:competitor:505580,"Sahdiieva, Anita",Ukraine,UKR,SAH
sr:competitor:496316,"Gimbrere, Jasmijn",Netherlands,NLD,GIM
sr:competitor:979575,"Stojsavljevic, Mika",Great Britain,GBR,STO
sr:competitor:137932,"Mikulskyte, Justina",Lithuania,LTU,MIK
sr:competitor:1020859,"Pawlikowska,  Zuzanna",Poland,POL,PAW
sr:competitor:115507,"Bolsova, Aliona",Spain,ESP,BOL
sr:competitor:868599,"McDonald, Ella",Great Britain,GBR,MCD
sr:competitor:1052227,"Maduzzi, Gaia",Italy,ITA,MAD
sr:competitor:132412,"Fita Boluda, Angela",Spain,ESP,FIT
sr:competitor:45139,"Papamichail, Despina",Greece,GRC,PAP
sr:competitor:297588,"Romero Gormaz, Leyre",Spain,ESP,ROM
sr:competitor:1020177,"Huang, Yujia",China,CHN,HUA
sr:competitor:98105,"Matoula, Martha",Greece,GRC,MAT
sr:competitor:202803,"Bakhmutkina, Polina",Neutral,,BAK
sr:competitor:927441,"Paganetti, Vittoria",Italy,ITA,PAG
sr:competitor:171354,"Romero, Camila",Ecuador,ECU,ROM
sr:competitor:221510,"Chiesa, Enola",Italy,ITA,CHI
sr:competitor:858867,"Pace, Francesca",Italy,ITA,PAC
sr:competitor:19847,"Rus, Arantxa",Netherlands,NLD,RUS
sr:competitor:41359,"Yashina, Ekaterina",Neutral,,YAS
sr:competitor:505974,"Nguyen Tan, Lucie",France,FRA,NGU
sr:competitor:55793,"Chiesa, Deborah",Italy,ITA,CHI
sr:competitor:256547,"Parks, Alycia",USA,USA,PAR
sr:competitor:106341,"Knutson, Gabriela",Czechia,CZE,KNU
sr:competitor:337813,"Riera, Julia",Argentina,ARG,RIE
sr:competitor:300496,"Sawangkaew, Mananchaya",Thailand,THA,SAW
sr:competitor:799662,"Lincer, Olivia",USA,USA,LIN
sr:competitor:673491,"Szabo, Briana",Romania,ROU,SZA
sr:competitor:244216,"Giavara, Haley",USA,USA,GIA
sr:competitor:504238,"Sierra, Solana",Argentina,ARG,SIE
sr:competitor:906723,"Tagger, Lilli",Austria,AUT,TAG
sr:competitor:906635,"Shubladze, Alexandra",Neutral,,SHU
sr:competitor:870979,"Kinoshita, Hayu",Japan,JPN,KIN
sr:competitor:567551,"Cabezas Dominguez, Sofia Elena",Venezuela,VEN,CAB
sr:competitor:447703,"Sato, Hikaru",Japan,JPN,SAT
sr:competitor:786310,"Moyano, Luciana",Argentina,ARG,MOY
sr:competitor:287769,"Kessler, McCartney",USA,USA,KES
sr:competitor:845268,"Korneeva, Alina",Neutral,,KOR
sr:competitor:292540,"Matsuda, Misaki",Japan,JPN,MAT
sr:competitor:918555,"Zeltina, Beatrise",Latvia,LVA,ZEL
sr:competitor:104929,"Tona, Miriana",Italy,ITA,TON
sr:competitor:496378,"Yamazaki, Ikumi",Japan,JPN,YAM
sr:competitor:209716,"Mansouri, Yasmine",France,FRA,MAN
sr:competitor:414533,"Abbagnato, Anastasia",Italy,ITA,ABB
sr:competitor:52025,"Wang, Yafan",China,CHN,WAN
sr:competitor:65610,"Wagner, Anita",Bosnia & Herzegovina,BIH,WAG
sr:competitor:568103,"Tran, Demi",Netherlands,NLD,TRA
sr:competitor:409673,"Zelnickova, Radka",Slovakia,SVK,ZEL
sr:competitor:335171,"Uchijima, Moyuka",Japan,JPN,UCH
sr:competitor:967949,"Adkar, Vaishnavi",India,IND,ADK
sr:competitor:19655,"Niculescu, Monica",Romania,ROU,NIC
sr:competitor:129430,"Cervino Ruiz, Celia",Spain,ESP,CER
sr:competitor:262701,"Hodzic, Mina",Germany,DEU,HOD
sr:competitor:59702,"Haddad Maia, Beatriz",Brazil,BRA,HAD
sr:competitor:133076,"Navarro Oliva, Maria Fernanda",Mexico,MEX,NAV
sr:competitor:448081,"Noha Akugue, Noma",Germany,DEU,NOH
sr:competitor:373354,"Cocciaretto, Elisabetta",Italy,ITA,COC
sr:competitor:675189,"Preston, Taylah",Australia,AUS,PRE
sr:competitor:50655,"Friedsam, Anna-Lena",Germany,DEU,FRI
sr:competitor:337811,"Ortenzi, Jazmin",Argentina,ARG,ORT
sr:competitor:833336,"Bertea, Elena Ruxandra",Romania,ROU,BER
sr:competitor:356694,"Lee, Carol Young Suh",USA,USA,LEE
sr:competitor:675193,"Costoulas, Sofia",Belgium,BEL,COS
sr:competitor:965307,"Golovina, Maria",Neutral,,GOL
sr:competitor:515530,"Gomez Pezuela Cano, Marian",Mexico,MEX,GOM
sr:competitor:501894,"Vidmanova, Darja",Czechia,CZE,VID
sr:competitor:777872,"Bartashevich, Yara",France,FRA,BAR
sr:competitor:111767,"Nepliy, Elina",Neutral,,NEP
sr:competitor:310984,"Sato, Naho",Japan,JPN,SAT
sr:competitor:52273,"Brady, Jennifer",USA,USA,BRA
sr:competitor:789688,"Ngounoue, Clervie",USA,USA,NGO
sr:competitor:47876,"Shinikova, Isabella",Bulgaria,BGR,SHI
sr:competitor:933453,"Brockmann, Tessa Johanna",Germany,DEU,BRO
sr:competitor:118052,"Oz, Ipek",Turkiye,TUR,IPE
sr:competitor:78785,"Rodriguez, Victoria",Mexico,MEX,ROD
sr:competitor:201105,"Yuan, Chengyiyi",China,CHN,YUA
sr:competitor:801414,"Vandewinkel, Hanne",Belgium,BEL,VAN
sr:competitor:41480,"Garcia Perez, Georgina",Spain,ESP,GAR
sr:competitor:679485,"Tse, Elyse",New Zealand,NZL,TSE
sr:competitor:720627,"Senic, Natalija",Serbia,SRB,SEN
sr:competitor:1116289,"Leme Da Silva, Nauhany Vitoria",Brazil,BRA,LEM
sr:competitor:658439,"Khomutsianskaya, Daria",Neutral,,KHO
sr:competitor:286459,"Allen, Victoria",Great Britain,GBR,ALL
sr:competitor:86894,"Shinde, Vasanti",India,IND,SHI
sr:competitor:677411,"Barrera Aguirre, Isabella",USA,USA,BAR
sr:competitor:41877,"Yuan, Yue",China,CHN,YUA
sr:competitor:45545,"Putintseva, Yulia",Kazakhstan,KAZ,PUT
sr:competitor:242504,"Mattel, Marie",France,FRA,MAT
sr:competitor:51651,"Rosatello, Camilla",Italy,ITA,ROS
sr:competitor:416473,"Reyngold, Ekaterina",Neutral,,REY
sr:competitor:835864,"Podrez, Veronika",Ukraine,UKR,POD
sr:competitor:960043,"Zolotareva, Rada",Neutral,,ZOL
sr:competitor:518748,"Rey Garcia, Alba",Spain,ESP,REY
sr:competitor:827398,"Stankovic, Anja",Serbia,SRB,STA
sr:competitor:37638,"Sema, Erika",Japan,JPN,SEM
sr:competitor:676251,"Wuerth, Tara",Croatia,HRV,WUR
sr:competitor:403329,"Toth, Amarissa Kiara",Hungary,HUN,TOT
sr:competitor:111149,"Samir, Sandra",Egypt,EGY,SAM
sr:competitor:234398,"Nahimana, Sada",Burundi,BDI,NAH
sr:competitor:812502,"Xu, Mingge",Great Britain,GBR,MIN
sr:competitor:61922,"Drazic, Mariana",Croatia,HRV,DRA
sr:competitor:133080,"Hinojosa Gomez, Jessica",Mexico,MEX,HIN
sr:competitor:154744,"Lee, Eunhye (2000)",Republic of Korea,KOR,LEE
sr:competitor:179248,"Yoshioka, Kisa",Japan,JPN,YOS
sr:competitor:262759,"Wang, Xiyu",China,CHN,WAN
sr:competitor:99405,"Inglis, Maddison",Australia,AUS,ING
sr:competitor:324677,"Fullana, Luiza",Brazil,BRA,FUL
sr:competitor:41404,"Watson, Heather",Great Britain,GBR,WAT
sr:competitor:517006,"Martinez Vaquero, Maria",Spain,ESP,MAR
sr:competitor:352784,"Adeshina, Esther",Great Britain,GBR,ADE
sr:competitor:510530,"Abe, Hiromi",Japan,JPN,ABE
sr:competitor:932867,"Firman, Anastasiia",Ukraine,UKR,FIR
sr:competitor:171026,"Tsygourova, Katerina",Switzerland,CHE,TSY
sr:competitor:319461,"Hu, Victoria",USA,USA,VIC
sr:competitor:282057,"Guo, Meiqi",China,CHN,GUO
sr:competitor:217056,"Cortez Llorca, Lucia",Spain,ESP,COR
sr:competitor:206957,"Nagata, Anri",Japan,JPN,NAG
sr:competitor:1098357,"Egorova, Daria",Neutral,,EGO
sr:competitor:857871,"de Stefano, Samira",Italy,ITA,DE
sr:competitor:120664,"Pedretti, Thaisa Grana",Brazil,BRA,PED
sr:competitor:831262,"Yamalapalli, Sahaja",India,IND,YAM
sr:competitor:262023,"Wang, Meiling",China,CHN,WAN
sr:competitor:915371,"van Den Broek, Isis Louise",Netherlands,NLD,VAN
sr:competitor:915635,"Zhiyenbayeva, Sonja",Kazakhstan,KAZ,ZHI
sr:competitor:108857,"Lewis, Mary",USA,USA,LEW
sr:competitor:382264,"Tanguilig, Carson",USA,USA,TAN
sr:competitor:211262,"Danilovic, Olga",Serbia,SRB,DAN
sr:competitor:1027517,"Ebeling Koning, Loes",Netherlands,NLD,EBE
sr:competitor:244184,"John-Baptiste, Lauryn",Great Britain,GBR,JOH
sr:competitor:797346,"Zelinskaya, Daria",Neutral,,ZEL
sr:competitor:254551,"Udvardy, Panna",Hungary,HUN,UDV
sr:competitor:875507,"Voloshchuk, Angelina",Portugal,PRT,VOL
sr:competitor:762764,"Daems, Josy",Germany,DEU,DAE
sr:competitor:947289,"Goto, Reina",Japan,JPN,GOT
sr:competitor:192130,"Blinkova, Anna",Neutral,,BLI
sr:competitor:739667,"Pedone, Giorgia",Italy,ITA,PED
sr:competitor:215598,"Vedder, Eva",Netherlands,NLD,VED
sr:competitor:783792,"Kabbaj, Yasmine",Morocco,MAR,KAB
sr:competitor:59662,"Sanchez, Ana Sofia",Mexico,MEX,SAN
sr:competitor:1279439,"Breaz, Alesia",Romania,ROU,BRE
sr:competitor:51969,"Guarachi, Alexa",Chile,CHL,GUA
sr:competitor:233748,"El Jardi, Diae",Morocco,MAR,EL
sr:competitor:389048,"Weckerle, Marie",Luxembourg,LUX,WEC
sr:competitor:341112,"Zakharova, Anastasia",Neutral,,ZAK
sr:competitor:195404,"Miyamoto, Ayumi",Japan,JPN,MIY
sr:competitor:18919,"Lepchenko, Varvara",USA,USA,LEP
sr:competitor:99429,"Hule, Petra",Australia,AUS,HUL
sr:competitor:164852,"Okalova, Martina",Slovakia,SVK,OKA
sr:competitor:185412,"Labrana, Fernanda",Chile,CHL,LAB
sr:competitor:227390,"Brancaccio, Nuria",Italy,ITA,BRA
sr:competitor:955421,"Stusek, Julia",Germany,DEU,STU
sr:competitor:1080640,"Coppez, Kaat",Belgium,BEL,COP
sr:competitor:904237,"Kim, Eunchae",Republic of Korea,KOR,KIM
sr:competitor:513666,"Stevens, Amy",Australia,AUS,STE
sr:competitor:627510,"Im, Heerae",Republic of Korea,KOR,IM
sr:competitor:79443,"Cabrera, Lizette",Australia,AUS,CAB
sr:competitor:586741,"Berecoechea, Nahia",France,FRA,BER
sr:competitor:110299,"Zidansek, Tamara",Slovenia,SVN,ZID
sr:competitor:743423,"Cirotte, Astrid",France,FRA,CIR
sr:competitor:406401,"Ivanov, Valentina",New Zealand,NZL,IVA
sr:competitor:972259,"Todoni, Cristiana Nicoleta",Romania,ROU,TOD
sr:competitor:771430,"Naef, Celine",Switzerland,CHE,NAE
sr:competitor:784280,"Prozorova, Tatiana",Neutral,,PRO
sr:competitor:836764,"Lim, Jenny",France,FRA,LIM
sr:competitor:513582,"Chaudhari, Vaidehi",India,IND,CHA
sr:competitor:120722,"Alhussein Abdel Aziz, Lamis",Egypt,EGY,ALH
sr:competitor:505998,"Zamarripa, Maribella",USA,USA,ZAM
sr:competitor:112957,"Jeanjean, Leolia",France,FRA,JEA
sr:competitor:373362,"Gerald Gonzalez, Jimar Geraldine",Chile,CHL,GER
sr:competitor:867605,"Black, Brooke Anna",Great Britain,GBR,BLA
sr:competitor:925005,"Otzipka, Jana",Belgium,BEL,OTZ
sr:competitor:196552,"Villet, Marie",France,FRA,VIL
sr:competitor:915657,"Hejtmanek, Amelie Justine",Czechia,CZE,HEJ
sr:competitor:948061,"Gonzalez Daniele, Justina Maria",Argentina,ARG,GON
sr:competitor:341216,"Charaeva, Alina",Neutral,,CHA
sr:competitor:59213,"Perez Garcia, Maria Paulina",Colombia,COL,PER
sr:competitor:165866,"Miyazaki, Yuriko Lily",Great Britain,GBR,MIY
sr:competitor:54983,"Morderger, Tayisiya",Germany,DEU,MOR
sr:competitor:63238,"Morderger, Yana",Germany,DEU,MOR
sr:competitor:467037,"Kudermetova, Polina",Uzbekistan,UZB,KUD
sr:competitor:234150,"Potapova, Anastasia",Austria,AUT,POT
sr:competitor:801420,"Fontenel, Chelsea",Switzerland,CHE,FON
sr:competitor:227342,"Thompson, Belle",Australia,AUS,THO
sr:competitor:535801,"Schunk, Nastasja",Germany,DEU,SCH
sr:competitor:999017,"Senica, Alja",Slovenia,SVN,SEN
sr:competitor:226170,"Urrutia, Maria Florencia",Argentina,ARG,URR
sr:competitor:858079,"Bulatova, Arina",Neutral,,BUL
sr:competitor:242630,"Osorio, Camila",Colombia,COL,OSO
sr:competitor:395740,"Bhamidipaty, Shrivalli Rashmikaa",India,IND,BHA
sr:competitor:341238,"Boehner, Laura",Germany,DEU,BOE
sr:competitor:113079,"Grabher, Julia",Austria,AUT,GRA
sr:competitor:360054,"Allen, Kolie",USA,USA,ALL
sr:competitor:405105,"Evans, Kailey",USA,USA,EVA
sr:competitor:673521,"Vogt, Marie",Germany,DEU,VOG
sr:competitor:194474,"Yang, Yidi",China,CHN,YAN
sr:competitor:1195051,"Yuneva, Alina",Neutral,,YUN
sr:competitor:134342,"Cengiz, Berfu",Turkiye,TUR,CEN
sr:competitor:960137,"Ren, Yufei",China,CHN,REN
sr:competitor:1073106,"Alicea, Samantha",USA,USA,ALI
sr:competitor:60028,"Zeballos Melgar, Noelia",Bolivia,BOL,ZEM
sr:competitor:348216,"Argyrokastriti, Marianne",Greece,GRC,ARG
sr:competitor:620340,"Korokozidi, Elena",Greece,GRC,KOR
sr:competitor:23082,"Rodionova, Arina",Australia,AUS,ROD
sr:competitor:956445,"Mediorreal Arias, Valentina",Colombia,COL,MED
sr:competitor:770242,"Basiletti, Noemi",Italy,ITA,BAS
sr:competitor:967951,"Hou, Yanan",China,CHN,HOU
sr:competitor:447759,"Katsumi, Nanari",Japan,JPN,KAT
sr:competitor:132370,"Kasatkina, Daria",Australia,AUS,KAS
sr:competitor:904159,"Mi, Lan",China,CHN,LAN
sr:competitor:63682,"Lazaro Garcia, Andrea",Spain,ESP,LAZ
sr:competitor:153744,"Pereira, Rebeca",Brazil,BRA,PER
sr:competitor:355958,"Visscher, Stephanie Judith",Netherlands,NLD,VIS
sr:competitor:1045543,"Bennemann, Eva",Germany,DEU,BEN
sr:competitor:786086,"Arystanbekova, Asylzhan",Kazakhstan,KAZ,ARY
sr:competitor:1038811,"Dyussebay, Ingkar",Kazakhstan,KAZ,DYU
sr:competitor:1164921,"Lombardini, Marta",Italy,ITA,LOM
sr:competitor:448093,"Martynov, Diana",France,FRA,MAR
sr:competitor:450331,"Granwehr, Alina",Switzerland,CHE,GRA
sr:competitor:518838,"Yang, Ya Yi",Chinese Taipei,TPE,YAN
sr:competitor:157368,"Kazionova, Ekaterina",Neutral,,KAZ
sr:competitor:169960,"Leon, Sabastiani",Mexico,MEX,LEO
sr:competitor:628190,"Sobolieva, Anastasiia",Ukraine,UKR,SOB
sr:competitor:505576,"Zaparyniuk, Anastasiya",Ukraine,UKR,ZAP
sr:competitor:790640,"Marcinko, Petra",Croatia,HRV,MAR
sr:competitor:1020179,"Zhu, Chenting",China,CHN,ZHU
sr:competitor:1149479,"Stoyanov, Antonia",Netherlands,NLD,STO
sr:competitor:100185,"Horvit, Mia",USA,USA,HOR
sr:competitor:51354,"Liu, Min",China,CHN,LIU
sr:competitor:861587,"Ansari, Carolyn",USA,USA,ANS
sr:competitor:82609,"Grammatikopoulou, Valentini",Greece,GRC,GRA
sr:competitor:208229,"Ngounoue, Malkia",USA,USA,NGO
sr:competitor:889135,"Yodpetch, Kamonwan",Thailand,THA,YOD
sr:competitor:788274,"Rokusek, Sarah",Australia,AUS,ROK
sr:competitor:62924,"Boulter, Katie",Great Britain,GBR,BOU
sr:competitor:194604,"Konishi Camargo Silva, Julia",Brazil,BRA,KON
sr:competitor:853745,"Vergara Rivera, Antonia",Chile,CHL,VER
sr:competitor:71284,"Bains, Naiktha",Great Britain,GBR,BAI
sr:competitor:257649,"Sacco, Federica",Italy,ITA,SAC
sr:competitor:822586,"Munk Mortensen, Rebecca",Denmark,DNK,MUN
sr:competitor:310982,"Naklo, Thasaporn",Thailand,THA,NAK
sr:competitor:318195,"Parry, Diane",France,FRA,PAR
sr:competitor:604388,"Tararudee, Lanlana",Thailand,THA,TAR
sr:competitor:179146,"Kalinskaya, Anna",Neutral,,KAL
sr:competitor:763112,"Struplova, Julie",Czechia,CZE,STR
